id,transfer date,month,year,transfer season,from club name,to club name,transfer fee,market value,player name,,country,position,team,league,age,birth year,Playing Time_MP,Playing Time_Starts,Playing Time_Min,Playing Time_90s,Performance_Gls,Performance_Ast,Performance_G+A,Performance_G-PK,Performance_PK,Performance_PKatt,Performance_CrdY,Performance_CrdR,Expected_xG,Expected_npxG,Expected_xAG,Expected_npxG+xAG,Progression_PrgC,Progression_PrgP,Progression_PrgR,Per 90 Minutes_Gls,Per 90 Minutes_Ast,Per 90 Minutes_G+A,Per 90 Minutes_G-PK,Per 90 Minutes_G+A-PK,Per 90 Minutes_xG,Per 90 Minutes_xAG,Per 90 Minutes_xG+xAG,Per 90 Minutes_npxG,Per 90 Minutes_npxG+xAG
445939,2025,1,23,24/25,E. Frankfurt,Man City,75000000,60000000,Omar Marmoush,,eg EGY,"FW,MF",Eint Frankfurt,de Bundesliga,24,1999,29,27,2301,25.6,12,6,18,10,2,2,7,0,11.6,10.1,4.4,14.5,88,60,165,0.47,0.23,0.7,0.39,0.63,0.46,0.17,0.63,0.39,0.57
576024,2024,8,12,24/25,Man City,Atlético Madrid,75000000,90000000,Julián Alvarez,,ar ARG,"MF,FW",Manchester City,eng Premier League,23,2000,36,31,2647,29.4,11,8,19,9,2,2,2,0,13,11.5,6.4,17.9,64,103,180,0.37,0.27,0.65,0.31,0.58,0.44,0.22,0.66,0.39,0.61
502670,2025,1,17,24/25,Napoli,Paris SG,70000000,85000000,Khvicha Kvaratskhelia,,ge GEO,FW,Napoli,it Serie A,22,2001,34,32,2737,30.4,11,6,17,11,0,0,8,0,11.1,11.1,6.8,17.9,184,89,266,0.36,0.2,0.56,0.36,0.56,0.37,0.23,0.59,0.36,0.59
258889,2024,8,10,24/25,Bournemouth,Tottenham,64300000,40000000,Dominic Solanke,,eng ENG,FW,Bournemouth,eng Premier League,25,1997,38,37,3325,36.9,19,3,22,17,2,3,3,0,19.6,17.2,3,20.3,52,60,184,0.51,0.08,0.6,0.46,0.54,0.53,0.08,0.61,0.47,0.55
923831,2024,7,18,24/25,LOSC Lille,Man Utd,62000000,50000000,Leny Yoro,,fr FRA,DF,Lille,fr Ligue 1,17,2005,32,30,2673,29.7,2,0,2,2,0,0,5,0,1.5,1.5,0.1,1.7,8,68,3,0.07,0,0.07,0.07,0.07,0.05,0,0.06,0.05,0.06
487465,2024,8,11,24/25,Wolves,Chelsea,60000000,55000000,Pedro Neto,,pt POR,"FW,MF",Wolves,eng Premier League,23,2000,20,18,1516,16.8,2,9,11,2,0,0,4,0,3.5,3.5,4.4,7.9,98,54,149,0.12,0.53,0.65,0.12,0.65,0.21,0.26,0.47,0.21,0.47
485706,2024,7,22,24/25,Everton,Aston Villa,59350000,50000000,Amadou Onana,,be BEL,MF,Everton,eng Premier League,21,2001,30,23,2091,23.2,2,0,2,2,0,0,5,0,2,2,2.7,4.7,21,107,39,0.09,0,0.09,0.09,0.09,0.09,0.11,0.2,0.09,0.2
293385,2024,8,9,24/25,RB Leipzig,Barcelona,55000000,60000000,Dani Olmo,,es ESP,MF,RB Leipzig,de Bundesliga,25,1998,21,17,1449,16.1,4,5,9,4,0,0,0,0,3.3,3.3,5.4,8.8,60,68,111,0.25,0.31,0.56,0.25,0.56,0.21,0.34,0.55,0.21,0.55
360518,2024,8,28,24/25,Atalanta BC,Juventus,54700000,50000000,Teun Koopmeiners,,nl NED,MF,Atalanta,it Serie A,25,1998,34,29,2627,29.2,12,5,17,10,2,2,5,0,6.5,5,5.9,10.9,79,169,190,0.41,0.17,0.58,0.34,0.51,0.22,0.2,0.43,0.17,0.37
566723,2024,7,7,24/25,Crystal Palace,Bayern Munich,53000000,55000000,Michael Olise,,fr FRA,"FW,MF",Crystal Palace,eng Premier League,21,2001,19,14,1275,14.2,10,6,16,9,1,1,0,0,5.5,4.7,5.8,10.5,68,78,134,0.71,0.42,1.13,0.64,1.06,0.39,0.41,0.8,0.33,0.74
462250,2024,8,21,24/25,Atlético Madrid,Chelsea,52000000,30000000,João Félix,,pt POR,FW,Barcelona,es La Liga,23,1999,30,18,1540,17.1,7,3,10,7,0,0,3,0,8.7,8.7,3.1,11.9,69,68,169,0.41,0.18,0.58,0.41,0.58,0.51,0.18,0.69,0.51,0.69
447661,2024,7,1,24/25,Aston Villa,Juventus,51500000,70000000,Douglas Luiz,,br BRA,MF,Aston Villa,eng Premier League,25,1998,35,35,2993,33.3,9,5,14,5,4,4,12,0,6.9,3.8,5.4,9.2,60,168,50,0.27,0.15,0.42,0.15,0.3,0.21,0.16,0.37,0.11,0.28
257455,2024,7,11,24/25,Fulham,Bayern Munich,51000000,55000000,João Palhinha,,pt POR,MF,Fulham,eng Premier League,28,1995,33,31,2699,30,4,1,5,4,0,0,13,0,3.3,3.3,0.8,4.1,8,97,14,0.13,0.03,0.17,0.13,0.17,0.11,0.03,0.14,0.11,0.14
566931,2025,1,30,24/25,Paris SG,RB Leipzig,50000000,80000000,Xavi Simons,,nl NED,MF,RB Leipzig,de Bundesliga,20,2003,32,32,2653,29.5,8,11,19,7,1,2,11,1,8.3,6.7,9.8,16.4,151,187,216,0.27,0.37,0.64,0.24,0.61,0.28,0.33,0.61,0.23,0.56
476701,2024,8,30,24/25,Paris SG,Man Utd,50000000,45000000,Manuel Ugarte,,uy URU,MF,Paris S-G,fr Ligue 1,22,2001,25,21,1932,21.5,0,2,2,0,0,0,5,0,0.6,0.6,0.9,1.5,16,87,24,0,0.09,0.09,0,0.09,0.03,0.04,0.07,0.03,0.07
914562,2024,8,17,24/25,Stade Rennais,Paris SG,50000000,30000000,Désiré Doué,,fr FRA,"MF,FW",Rennes,fr Ligue 1,18,2005,31,17,1626,18.1,4,4,8,4,0,0,3,0,2.4,2.4,3.7,6.1,78,121,172,0.22,0.22,0.44,0.22,0.44,0.13,0.21,0.34,0.13,0.34
525247,2024,7,6,24/25,Wolves,West Ham,47500000,32000000,Max Kilman,,eng ENG,DF,Wolves,eng Premier League,26,1997,38,38,3420,38,2,0,2,2,0,0,7,0,1.8,1.8,1.4,3.2,22,117,5,0.05,0,0.05,0.05,0.05,0.05,0.04,0.08,0.05,0.08
326031,2024,8,13,24/25,Bayern Munich,Man Utd,45000000,65000000,Matthijs de Ligt,,nl NED,DF,Bayern Munich,de Bundesliga,23,1999,22,16,1390,15.4,2,0,2,2,0,0,5,0,1.7,1.7,0.1,1.9,16,98,6,0.13,0,0.13,0.13,0.13,0.11,0.01,0.12,0.11,0.12
502821,2024,7,29,24/25,Bologna,Arsenal,45000000,45000000,Riccardo Calafiori,,it ITA,DF,Bologna,it Serie A,21,2002,30,26,2349,26.1,2,5,7,2,0,0,4,0,1.4,1.4,1.2,2.6,28,96,23,0.08,0.19,0.27,0.08,0.27,0.05,0.05,0.1,0.05,0.1
485585,2024,7,1,24/25,Chelsea,Aston Villa,44500000,40000000,Ian Maatsen,,nl NED,"FW,MF",Chelsea,eng Premier League,21,2002,12,1,209,2.3,0,0,0,0,0,0,1,0,0.8,0.8,0.1,0.9,9,8,15,0,0,0,0,0,0.35,0.04,0.39,0.35,0.39
435648,2024,7,14,24/25,Bologna,Man Utd,42500000,50000000,Joshua Zirkzee,,nl NED,FW,Bologna,it Serie A,22,2001,34,32,2759,30.7,11,4,15,9,2,2,8,0,9,7.4,5.2,12.6,53,86,182,0.36,0.13,0.49,0.29,0.42,0.29,0.17,0.46,0.24,0.41
488362,2024,8,21,24/25,Chelsea,Atlético Madrid,42000000,50000000,Conor Gallagher,,eng ENG,MF,Chelsea,eng Premier League,23,2000,37,37,3128,34.8,5,7,12,5,0,0,9,1,4.2,4.2,5,9.2,62,172,122,0.14,0.2,0.35,0.14,0.35,0.12,0.15,0.27,0.12,0.27
567576,2024,7,1,24/25,Newcastle,Nottm Forest,41200000,15000000,Elliot Anderson,,sct SCO,"MF,FW",Newcastle Utd,eng Premier League,20,2002,21,10,1027,11.4,0,2,2,0,0,0,3,0,1.5,1.5,1.9,3.5,37,57,70,0,0.18,0.18,0,0.18,0.13,0.17,0.3,0.13,0.3
763079,2025,1,20,24/25,Lens,Man City,40000000,12000000,Abdukodir Khusanov,,uz UZB,DF,Lens,fr Ligue 1,19,2004,11,9,809,9,0,0,0,0,0,0,5,0,0.2,0.2,0.1,0.2,5,23,1,0,0,0,0,0,0.02,0.01,0.03,0.02,0.03
661171,2024,8,9,24/25,E. Frankfurt,Paris SG,40000000,35000000,Willian Pacho,,ec ECU,DF,Eint Frankfurt,de Bundesliga,21,2001,33,33,2970,33,0,3,3,0,0,0,7,0,1.2,1.2,1.1,2.3,22,148,4,0,0.09,0.09,0,0.09,0.04,0.03,0.07,0.04,0.07
386446,2024,7,13,24/25,Torino,Napoli,35000000,35000000,Alessandro Buongiorno,,it ITA,DF,Torino,it Serie A,24,1999,29,29,2527,28.1,3,0,3,3,0,0,7,0,1.6,1.6,0.1,1.7,14,62,10,0.11,0,0.11,0.11,0.11,0.06,0,0.06,0.06,0.06
351809,2024,7,27,24/25,Real Sociedad,Atlético Madrid,34500000,40000000,Robin Le Normand,,es ESP,DF,Real Sociedad,es La Liga,26,1996,29,28,2469,27.4,2,0,2,2,0,0,13,0,1,1,0.1,1.2,21,106,1,0.07,0,0.07,0.07,0.07,0.04,0,0.04,0.04,0.04
670858,2024,7,1,24/25,Chelsea,Newcastle,33000000,18000000,Lewis Hall,,eng ENG,DF,Newcastle Utd,eng Premier League,18,2004,18,8,781,8.7,1,0,1,1,0,0,2,0,0.3,0.3,0.3,0.6,19,46,27,0.12,0,0.12,0.12,0.12,0.04,0.03,0.07,0.04,0.07
338424,2024,8,27,24/25,Real Sociedad,Arsenal,32000000,50000000,Mikel Merino,,es ESP,MF,Real Sociedad,es La Liga,27,1996,32,27,2482,27.6,5,3,8,5,0,0,10,0,3.3,3.3,1.9,5.2,26,163,99,0.18,0.11,0.29,0.18,0.29,0.12,0.07,0.19,0.12,0.19
238407,2024,8,3,24/25,Villarreal,Atlético Madrid,32000000,25000000,Alexander Sørloth,,no NOR,FW,Villarreal,es La Liga,27,1995,34,30,2489,27.7,23,6,29,23,0,0,3,0,12.3,12.3,4.4,16.7,48,40,159,0.83,0.22,1.05,0.83,1.05,0.44,0.16,0.6,0.44,0.6
262749,2024,7,4,24/25,Brentford,Arsenal,31900000,35000000,David Raya,,es ESP,GK,Arsenal,eng Premier League,27,1995,32,32,2880,32,0,0,0,0,0,0,2,0,0,0,0,0,0,2,0,0,0,0,0,0,0,0,0,0,0
291200,2024,7,4,24/25,Nottm Forest,Olympique Lyon,31900000,16000000,Moussa Niakhaté,,sn SEN,DF,Nott'ham Forest,eng Premier League,27,1996,21,15,1460,16.2,1,0,1,1,0,0,5,1,1.1,1.1,0.1,1.2,13,39,6,0.06,0,0.06,0.06,0.06,0.07,0.01,0.08,0.07,0.08
392765,2024,8,2,24/25,Arsenal,Fulham,31800000,22000000,Emile Smith Rowe,,eng ENG,MF,Arsenal,eng Premier League,23,2000,13,3,353,3.9,0,1,1,0,0,0,0,0,2,2,0.2,2.2,11,23,18,0,0.25,0.25,0,0.25,0.5,0.06,0.56,0.5,0.56
700106,2024,8,14,24/25,1.FSV Mainz 05,Brighton,31500000,20000000,Brajan Gruda,,de GER,"MF,FW",Mainz 05,de Bundesliga,19,2004,28,19,1641,18.2,4,3,7,4,0,0,5,0,3.5,3.5,4.1,7.6,100,71,167,0.22,0.16,0.38,0.22,0.38,0.19,0.23,0.42,0.19,0.42
394300,2024,7,1,24/25,Sassuolo,Inter,31400000,35000000,Davide Frattesi,,it ITA,MF,Inter,it Serie A,23,1999,32,6,955,10.6,6,3,9,6,0,0,1,0,7.1,7.1,1.9,9,27,37,40,0.57,0.28,0.85,0.57,0.85,0.67,0.18,0.85,0.67,0.85
315969,2024,8,30,24/25,Man Utd,Napoli,30500000,32000000,Scott McTominay,,sct SCO,"MF,FW",Manchester Utd,eng Premier League,26,1996,32,18,1901,21.1,7,1,8,7,0,0,2,0,5.7,5.7,0.8,6.6,29,64,47,0.33,0.05,0.38,0.33,0.38,0.27,0.04,0.31,0.27,0.31
343537,2024,8,2,24/25,Girona,AS Roma,30500000,35000000,Artem Dovbyk,,ua UKR,FW,Girona,es La Liga,26,1997,36,32,2587,28.7,24,8,32,17,7,8,2,0,24.2,17.9,6.2,24.1,18,26,118,0.83,0.28,1.11,0.59,0.87,0.84,0.21,1.05,0.62,0.84
926952,2025,2,2,24/25,Lecce,Man Utd,30000000,20000000,Patrick Dorgu,,dk DEN,"DF,MF",Lecce,it Serie A,18,2004,32,17,1564,17.4,2,0,2,2,0,0,6,0,2,2,1.6,3.6,37,49,86,0.12,0,0.12,0.12,0.12,0.11,0.09,0.21,0.11,0.21
96341,2024,8,29,24/25,Chelsea,Napoli,30000000,30000000,Romelu Lukaku,,be BEL,FW,Roma,it Serie A,30,1993,32,30,2641,29.3,13,3,16,13,0,1,5,1,9.8,9,2.4,11.4,37,37,234,0.44,0.1,0.55,0.44,0.55,0.33,0.08,0.42,0.31,0.39
502676,2024,8,27,24/25,Valencia,Liverpool,30000000,45000000,Giorgi Mamardashvili,,ge GEO,GK,Valencia,es La Liga,22,2000,37,37,3284,36.5,0,0,0,0,0,0,3,1,0,0,0.4,0.4,0,0,0,0,0,0,0,0,0,0.01,0.01,0,0.01
340324,2024,8,30,24/25,Arsenal,Crystal Palace,29700000,30000000,Eddie Nketiah,,eng ENG,FW,Arsenal,eng Premier League,24,1999,27,10,1082,12,5,2,7,5,0,0,3,0,4.5,4.5,0.8,5.4,22,20,77,0.42,0.17,0.58,0.42,0.58,0.38,0.07,0.45,0.38,0.45
260827,2024,8,23,24/25,Crystal Palace,Fulham,29500000,35000000,Joachim Andersen,,dk DEN,DF,Crystal Palace,eng Premier League,27,1996,38,38,3415,37.9,2,3,5,2,0,0,7,0,1.7,1.7,2.8,4.5,21,147,10,0.05,0.08,0.13,0.05,0.13,0.04,0.07,0.12,0.04,0.12
743498,2024,8,16,24/25,Burnley,Tottenham,29300000,10000000,Wilson Odobert,,fr FRA,"MF,FW",Burnley,eng Premier League,18,2004,29,25,2098,23.3,3,2,5,3,0,0,3,0,2.8,2.8,3.3,6.1,102,58,123,0.13,0.09,0.21,0.13,0.21,0.12,0.14,0.26,0.12,0.26
578392,2024,8,12,24/25,TSG Hoffenheim,Bor. Dortmund,28500000,30000000,Maximilian Beier,,de GER,"FW,MF",Hoffenheim,de Bundesliga,20,2002,33,29,2420,26.9,16,1,17,16,0,0,0,0,11.4,11.4,2.4,13.8,61,30,224,0.6,0.04,0.63,0.6,0.63,0.43,0.09,0.51,0.43,0.51
955070,2024,7,7,24/25,RWDM,Olympique Lyon,28500000,18000000,Ernest Nuamah,,gh GHA,"FW,MF",Lyon,fr Ligue 1,19,2003,29,21,1838,20.4,3,2,5,3,0,0,4,0,4,4,3.8,7.8,105,74,237,0.15,0.1,0.24,0.15,0.24,0.2,0.19,0.38,0.2,0.38
659542,2024,8,13,24/25,Lens,Marseille,27000000,35000000,Elye Wahi,,fr FRA,FW,Montpellier,fr Ligue 1,20,2003,1,0,14,0.2,0,0,0,0,0,0,0,0,0,0,0.6,0.6,1,1,2,0,0,0,0,0,0,4.23,4.23,0,4.23
75489,2024,8,5,24/25,Bor. Dortmund,West Ham,27000000,15000000,Niclas Füllkrug,,de GER,FW,Werder Bremen,de Bundesliga,30,1993,2,2,180,2,0,0,0,0,0,0,0,0,0.5,0.5,0.3,0.7,2,9,12,0,0,0,0,0,0.23,0.13,0.36,0.23,0.36
339314,2024,8,9,24/25,Brighton,VfB Stuttgart,26700000,25000000,Deniz Undav,,de GER,"FW,MF",Stuttgart,de Bundesliga,27,1996,30,23,2089,23.2,18,10,28,18,0,1,5,0,15,14.3,6.5,20.8,45,120,182,0.78,0.43,1.21,0.78,1.21,0.65,0.28,0.93,0.61,0.9
659542,2025,1,24,24/25,Marseille,E. Frankfurt,26000000,25000000,Elye Wahi,,fr FRA,FW,Montpellier,fr Ligue 1,20,2003,1,0,14,0.2,0,0,0,0,0,0,0,0,0,0,0.6,0.6,1,1,2,0,0,0,0,0,0,4.23,4.23,0,4.23
532826,2024,7,18,24/25,Man Utd,Marseille,26000000,25000000,Mason Greenwood,,eng ENG,"MF,FW",Getafe,es La Liga,21,2001,33,30,2662,29.6,8,6,14,6,2,3,6,1,8.8,6.4,4.6,11,127,89,239,0.27,0.2,0.47,0.2,0.41,0.3,0.15,0.45,0.22,0.37
668951,2024,7,30,24/25,Juventus,AS Roma,25600000,25000000,Matías Soulé,,ar ARG,"FW,MF",Frosinone,it Serie A,20,2003,36,36,3121,34.7,11,3,14,6,5,6,4,0,10.5,5.7,6.6,12.3,115,198,211,0.32,0.09,0.4,0.17,0.26,0.3,0.19,0.49,0.17,0.36
326029,2025,1,14,24/25,Bor. Dortmund,Aston Villa,25000000,28000000,Donyell Malen,,nl NED,"FW,MF",Dortmund,de Bundesliga,24,1999,27,21,1781,19.8,13,1,14,13,0,0,5,0,9.5,9.5,3,12.5,73,57,163,0.66,0.05,0.71,0.66,0.71,0.48,0.15,0.63,0.48,0.63
585323,2024,7,30,24/25,Villarreal,Chelsea,24500000,20000000,Filip Jørgensen,,dk DEN,GK,Villarreal,es La Liga,21,2002,36,36,3240,36,0,0,0,0,0,0,4,0,0,0,0,0,0,0,0,0,0,0,0,0,0,0,0,0,0
665390,2025,1,15,24/25,Aston Villa,Ipswich,23700000,15000000,Jaden Philogene,,eng ENG,FW,Aston Villa,eng Premier League,21,2002,1,0,4,0,0,0,0,0,0,0,0,0,0,0,0,0,2,0,1,0,0,0,0,0,0,0,0,0,0
541231,2024,8,22,24/25,Liverpool,Brentford,23600000,12000000,Sepp van den Berg,,nl NED,DF,Mainz 05,de Bundesliga,21,2001,33,31,2839,31.5,3,0,3,3,0,0,9,0,2.7,2.7,0.3,3,7,95,6,0.1,0,0.1,0.1,0.1,0.08,0.01,0.09,0.08,0.09
124419,2024,7,1,24/25,Nottm Forest,Newcastle,23600000,7000000,Odysseas Vlachodimos,,gr GRE,GK,Nott'ham Forest,eng Premier League,29,1994,5,5,450,5,0,0,0,0,0,0,0,0,0,0,0,0,0,1,0,0,0,0,0,0,0,0.01,0.01,0,0.01
333014,2024,8,22,24/25,Burnley,Fulham,23550000,20000000,Sander Berge,,no NOR,MF,Burnley,eng Premier League,25,1998,37,34,3005,33.4,1,2,3,1,0,0,10,1,1.9,1.9,2.4,4.3,64,164,29,0.03,0.06,0.09,0.03,0.09,0.06,0.07,0.13,0.06,0.13
406638,2024,8,19,24/25,Tottenham,Leicester,23500000,15000000,Oliver Skipp,,eng ENG,"MF,DF",Tottenham,eng Premier League,22,2000,21,5,707,7.9,0,0,0,0,0,0,3,0,0.7,0.7,0.6,1.3,8,37,25,0,0,0,0,0,0.09,0.07,0.16,0.09,0.16
353892,2024,7,1,24/25,VfB Stuttgart,Bayern Munich,23500000,30000000,Hiroki Ito,,jp JPN,DF,Stuttgart,de Bundesliga,24,1999,26,25,2228,24.8,0,2,2,0,0,0,1,0,0.9,0.9,2,2.9,29,121,32,0,0.08,0.08,0,0.08,0.04,0.08,0.12,0.04,0.12
559263,2024,8,12,24/25,Liverpool,Brentford,23400000,14000000,Fábio Carvalho,,pt POR,MF,RB Leipzig,de Bundesliga,20,2002,9,1,165,1.8,0,0,0,0,0,0,0,0,0.2,0.2,0.2,0.5,8,9,13,0,0,0,0,0,0.12,0.13,0.25,0.12,0.25
289592,2024,7,2,24/25,Nottm Forest,Olympique Lyon,23400000,20000000,Orel Mangala,,be BEL,MF,Nott'ham Forest,eng Premier League,25,1998,20,19,1563,17.4,1,0,1,1,0,0,6,0,0.8,0.8,0.2,1.1,13,45,14,0.06,0,0.06,0.06,0.06,0.05,0.01,0.06,0.05,0.06
512385,2024,7,1,24/25,Leeds,Bournemouth,23400000,17000000,Luis Sinisterra,,co COL,"FW,MF",Bournemouth,eng Premier League,24,1999,20,7,699,7.8,2,2,4,2,0,0,0,0,2.5,2.5,2.4,5,51,38,85,0.26,0.26,0.52,0.26,0.52,0.33,0.31,0.64,0.33,0.64
633992,2024,7,10,24/25,Stade Rennais,AS Roma,23000000,18000000,Enzo Le Fée,,fr FRA,MF,Rennes,fr Ligue 1,23,2000,25,19,1527,17,0,1,1,0,0,0,3,0,0.5,0.5,1.8,2.3,45,124,58,0,0.06,0.06,0,0.06,0.03,0.11,0.14,0.03,0.14
435772,2024,7,1,24/25,AC Milan,Atalanta BC,22700000,34000000,Charles De Ketelaere,,be BEL,"FW,MF",Atalanta,it Serie A,22,2001,35,25,2026,22.5,10,8,18,9,1,1,1,0,7.1,6.3,6.1,12.4,88,126,219,0.44,0.36,0.8,0.4,0.76,0.31,0.27,0.59,0.28,0.55
193004,2024,7,8,24/25,VfB Stuttgart,Bor. Dortmund,22500000,20000000,Waldemar Anton,,de GER,DF,Stuttgart,de Bundesliga,27,1996,33,32,2886,32.1,0,3,3,0,0,0,7,0,1.7,1.7,1,2.7,38,172,15,0,0.09,0.09,0,0.09,0.05,0.03,0.09,0.05,0.09
926135,2024,7,1,24/25,Aston Villa U21,Chelsea,22500000,1000000,Omari Kellyman,,eng ENG,FW,Aston Villa,eng Premier League,17,2005,2,0,37,0.4,0,0,0,0,0,0,0,0,0.1,0.1,0,0.1,1,0,0,0,0,0,0,0,0.17,0,0.17,0.17,0.17
427568,2024,8,30,24/25,Arsenal,Southampton,21400000,25000000,Aaron Ramsdale,,eng ENG,GK,Arsenal,eng Premier League,25,1998,6,6,540,6,0,0,0,0,0,0,0,0,0,0,0,0,0,2,0,0,0,0,0,0,0,0,0,0,0
335457,2024,7,16,24/25,FC Augsburg,VfB Stuttgart,21000000,28000000,Ermedin Demirovic,,ba BIH,"FW,MF",Augsburg,de Bundesliga,25,1998,33,33,2873,31.9,15,9,24,12,3,4,7,0,13.5,10.3,3.9,14.2,28,60,167,0.47,0.28,0.75,0.38,0.66,0.42,0.12,0.54,0.32,0.45
554903,2024,8,8,24/25,Genoa,Atalanta BC,20900000,16000000,Mateo Retegui,,it ITA,FW,Genoa,it Serie A,24,1999,29,26,2216,24.6,7,2,9,6,1,1,5,0,5.8,5,0.7,5.8,18,17,112,0.28,0.08,0.37,0.24,0.32,0.24,0.03,0.27,0.2,0.24
463618,2024,7,10,24/25,OGC Nice,Juventus,20600000,35000000,Khéphren Thuram,,fr FRA,MF,Nice,fr Ligue 1,22,2001,27,25,2108,23.4,1,1,2,1,0,0,7,0,3.4,3.4,3.7,7,67,104,57,0.04,0.04,0.09,0.04,0.09,0.14,0.16,0.3,0.14,0.3
683895,2025,1,9,24/25,Stade Reims,Wolves,20000000,10000000,Emmanuel Agbadou,,ci CIV,DF,Reims,fr Ligue 1,26,1997,32,29,2596,28.8,1,1,2,1,0,0,1,0,2.4,2.4,1.5,3.8,42,179,19,0.03,0.03,0.07,0.03,0.07,0.08,0.05,0.13,0.08,0.13
357992,2024,8,22,24/25,Torino,Atalanta BC,20000000,15000000,Raoul Bellanova,,it ITA,DF,Torino,it Serie A,23,2000,37,36,3046,33.8,1,7,8,1,0,0,5,0,2,2,5,7.1,141,98,202,0.03,0.21,0.24,0.03,0.24,0.06,0.15,0.21,0.06,0.21
569598,2024,8,17,24/25,Monaco,AC Milan,20000000,30000000,Youssouf Fofana,,fr FRA,MF,Monaco,fr Ligue 1,24,1999,32,31,2697,30,4,4,8,4,0,0,3,0,5,5,3.4,8.4,53,249,86,0.13,0.13,0.27,0.13,0.27,0.17,0.11,0.28,0.17,0.28
442891,2024,7,18,24/25,Stade Rennais,B. Leverkusen,20000000,20000000,Martin Terrier,,fr FRA,"FW,MF",Rennes,fr Ligue 1,26,1997,24,19,1527,17,7,3,10,7,0,0,2,1,5.2,5.2,2.6,7.8,28,58,112,0.41,0.18,0.59,0.41,0.59,0.31,0.15,0.46,0.31,0.46
711544,2024,7,30,24/25,Olympique Lyon,Everton,19500000,12000000,Jake O'Brien,,ie IRL,DF,Lyon,fr Ligue 1,22,2001,27,27,2369,26.3,4,2,6,4,0,0,4,1,3.6,3.6,1.1,4.7,15,68,2,0.15,0.08,0.23,0.15,0.23,0.14,0.04,0.18,0.14,0.18
433049,2024,7,24,24/25,Sevilla FC,Fenerbahce,19500000,20000000,Youssef En,,ma MAR,FW,Sevilla,es La Liga,26,1997,33,28,2570,28.6,16,2,18,15,1,1,4,0,10.8,10,1.3,11.3,17,17,81,0.56,0.07,0.63,0.53,0.6,0.38,0.04,0.42,0.35,0.4
418659,2025,1,31,24/25,Stade Rennais,Marseille,19000000,20000000,Amine Gouiri,,dz ALG,"FW,MF",Rennes,fr Ligue 1,23,2000,31,24,2067,23,7,3,10,7,0,0,2,0,7.4,7.3,1.7,9.1,59,82,185,0.3,0.13,0.44,0.3,0.44,0.32,0.08,0.4,0.32,0.39
729814,2024,7,18,24/25,FC Metz,Olympique Lyon,18500000,20000000,Georges Mikautadze,,ge GEO,FW,Metz,fr Ligue 1,22,2000,20,20,1747,19.4,13,4,17,10,3,3,0,1,9.5,7.2,2.4,9.5,52,51,95,0.67,0.21,0.88,0.52,0.72,0.49,0.12,0.61,0.37,0.49
414908,2025,2,3,24/25,Stade Reims,Wolves,18000000,10000000,Marshall Munetsi,,zw ZIM,MF,Reims,fr Ligue 1,27,1996,27,25,2173,24.1,4,3,7,4,0,0,5,0,6.2,6.2,1,7.2,19,67,81,0.17,0.12,0.29,0.17,0.29,0.26,0.04,0.3,0.26,0.3
434224,2024,8,30,24/25,VfL Wolfsburg,Crystal Palace,18000000,20000000,Maxence Lacroix,,fr FRA,DF,Wolfsburg,de Bundesliga,23,2000,28,27,2362,26.2,4,1,5,4,0,0,5,3,0.8,0.8,0.8,1.7,5,79,5,0.15,0.04,0.19,0.15,0.19,0.03,0.03,0.06,0.03,0.06
748319,2024,8,28,24/25,Southampton,Flamengo,18000000,15000000,Carlos Alcaraz,,ar ARG,MF,Juventus,it Serie A,20,2002,10,3,380,4.2,0,1,1,0,0,0,0,0,0.4,0.4,0.1,0.5,6,27,9,0,0.24,0.24,0,0.24,0.09,0.03,0.12,0.09,0.12
484988,2024,8,22,24/25,Toulouse,Villarreal,18000000,12000000,Logan Costa,,cv CPV,DF,Toulouse,fr Ligue 1,22,2001,31,29,2650,29.4,1,1,2,1,0,0,6,0,1.4,1.4,0.6,2,19,145,14,0.03,0.03,0.07,0.03,0.07,0.05,0.02,0.07,0.05,0.07
552057,2024,8,17,24/25,B. Leverkusen,TSG Hoffenheim,18000000,12000000,Adam Hlozek,,cz CZE,"MF,FW",Leverkusen,de Bundesliga,21,2002,23,5,459,5.1,2,3,5,2,0,0,1,0,3.1,3.1,0.9,4,14,13,33,0.39,0.59,0.98,0.39,0.98,0.6,0.18,0.78,0.6,0.78
270541,2024,7,18,24/25,VfB Stuttgart,Bor. Dortmund,18000000,40000000,Serhou Guirassy,,gn GUI,FW,Stuttgart,de Bundesliga,27,1996,28,25,2208,24.5,28,3,31,24,4,4,0,0,20.8,17.6,6.6,24.2,32,56,183,1.14,0.12,1.26,0.98,1.1,0.85,0.27,1.12,0.72,0.99
623570,2024,7,3,24/25,Marseille,Everton,18000000,15000000,Iliman Ndiaye,,sn SEN,"FW,MF",Marseille,fr Ligue 1,23,2000,30,19,1618,18,3,3,6,3,0,0,0,1,4.5,4.5,2.6,7.1,51,62,152,0.17,0.17,0.33,0.17,0.33,0.25,0.15,0.39,0.25,0.39
261504,2024,7,1,24/25,Girona,B. Leverkusen,18000000,25000000,Aleix García,,es ESP,MF,Girona,es La Liga,26,1997,37,36,3199,35.5,3,6,9,3,0,0,4,1,1.8,1.8,5.5,7.3,58,294,52,0.08,0.17,0.25,0.08,0.25,0.05,0.16,0.21,0.05,0.21
381963,2024,7,1,24/25,KRC Genk,Burnley,18000000,12000000,Mike Trésor,,be BEL,"FW,MF",Burnley,eng Premier League,24,1999,16,3,420,4.7,0,0,0,0,0,0,0,0,0.5,0.5,0.4,0.9,15,10,31,0,0,0,0,0,0.1,0.08,0.18,0.1,0.18
533662,2024,8,16,24/25,Aston Villa,Southampton,17600000,13000000,Cameron Archer,,eng ENG,"FW,MF",Sheffield Utd,eng Premier League,22,2001,29,21,1832,20.4,4,1,5,4,0,0,1,0,5.5,5.5,2.8,8.3,33,15,113,0.2,0.05,0.25,0.2,0.25,0.27,0.14,0.41,0.27,0.41
477758,2024,8,13,24/25,Man Utd,West Ham,17600000,20000000,Aaron Wan,,eng ENG,DF,Manchester Utd,eng Premier League,25,1997,22,20,1780,19.8,0,2,2,0,0,0,4,0,0.1,0.1,1.5,1.6,30,77,54,0,0.1,0.1,0,0.1,0.01,0.08,0.08,0.01,0.08
533662,2024,7,11,24/25,Sheff Utd,Aston Villa,16650000,13000000,Cameron Archer,,eng ENG,"FW,MF",Sheffield Utd,eng Premier League,22,2001,29,21,1832,20.4,4,1,5,4,0,0,1,0,5.5,5.5,2.8,8.3,33,15,113,0.2,0.05,0.25,0.2,0.25,0.27,0.14,0.41,0.27,0.41
251106,2024,7,1,24/25,Getafe,Bournemouth,16500000,18000000,Enes Ünal,,tr TUR,"FW,MF",Bournemouth,eng Premier League,26,1997,16,2,328,3.6,2,2,4,2,0,0,1,0,2.9,2.9,1,3.9,4,7,28,0.55,0.55,1.1,0.55,1.1,0.8,0.28,1.07,0.8,1.07
709726,2024,7,1,24/25,Paris SG,E. Frankfurt,16500000,20000000,Hugo Ekitiké,,fr FRA,FW,Paris S-G,fr Ligue 1,21,2002,1,0,9,0.1,0,0,0,0,0,0,0,0,0,0,0,0,0,1,3,0,0,0,0,0,0,0.3,0.3,0,0.3
1005240,2024,8,11,24/25,Toulouse,Monaco,16000000,9000000,Christian Mawissa,,fr FRA,DF,Toulouse,fr Ligue 1,18,2005,17,12,1118,12.4,2,0,2,2,0,0,3,0,1,1,0.3,1.3,26,39,11,0.16,0,0.16,0.16,0.16,0.08,0.02,0.1,0.08,0.1
457736,2024,7,1,24/25,Hellas Verona,Lazio,15900000,10000000,Tijjani Noslin,,nl NED,"FW,MF",Hellas Verona,it Serie A,24,1999,17,17,1339,14.9,5,4,9,5,0,0,2,0,3.6,3.6,2.2,5.8,29,26,94,0.34,0.27,0.6,0.34,0.6,0.24,0.14,0.39,0.24,0.39
890290,2024,7,30,24/25,Juventus,Bournemouth,15200000,10000000,Dean Huijsen,,es ESP,DF,Roma,it Serie A,18,2005,13,4,509,5.7,2,0,2,2,0,0,4,0,0.4,0.4,0.1,0.5,4,18,15,0.35,0,0.35,0.35,0.35,0.07,0.01,0.08,0.07,0.08
395237,2025,1,12,24/25,Olympique Lyon,Como,15000000,15000000,Maxence Caqueret,,fr FRA,MF,Lyon,fr Ligue 1,23,2000,34,34,3022,33.6,1,3,4,1,0,0,1,0,2.1,2.1,6,8.1,70,286,96,0.03,0.09,0.12,0.03,0.12,0.06,0.18,0.24,0.06,0.24
991268,2024,8,23,24/25,Atlético Madrid,FC Porto,15000000,35000000,Samu Aghehowa,,es ESP,FW,Alavés,es La Liga,19,2004,34,21,1918,21.3,8,1,9,8,0,0,6,0,10.8,10.8,1.3,12,30,18,100,0.38,0.05,0.42,0.38,0.42,0.51,0.06,0.56,0.51,0.56
340456,2024,8,13,24/25,Bayern Munich,Man Utd,15000000,30000000,Noussair Mazraoui,,ma MAR,DF,Bayern Munich,de Bundesliga,25,1997,19,15,1197,13.3,0,3,3,0,0,0,3,0,0.9,0.9,1.8,2.6,34,103,79,0,0.23,0.23,0,0.23,0.07,0.13,0.2,0.07,0.2
476344,2024,8,12,24/25,Tottenham,AC Milan,15000000,18000000,Emerson Royal,,br BRA,DF,Tottenham,eng Premier League,24,1999,22,11,1161,12.9,1,0,1,1,0,0,4,0,0.2,0.2,0.4,0.6,21,57,35,0.08,0,0.08,0.08,0.08,0.02,0.03,0.05,0.02,0.05
410225,2024,8,1,24/25,Marseille,Crystal Palace,15000000,18000000,Ismaïla Sarr,,sn SEN,"FW,MF",Marseille,fr Ligue 1,25,1998,23,15,1447,16.1,3,4,7,3,0,0,1,0,3.2,3.2,2.5,5.7,49,36,152,0.19,0.25,0.44,0.19,0.44,0.2,0.15,0.35,0.2,0.35
918969,2024,7,30,24/25,FC Metz,Monaco,15000000,10000000,Lamine Camara,,sn SEN,MF,Metz,fr Ligue 1,19,2004,31,26,2255,25.1,1,4,5,1,0,1,3,0,2.2,1.4,3.3,4.7,23,97,69,0.04,0.16,0.2,0.04,0.2,0.09,0.13,0.22,0.06,0.19
538964,2024,7,23,24/25,Toulouse,Bologna,15000000,18000000,Thijs Dallinga,,nl NED,FW,Toulouse,fr Ligue 1,22,2000,33,28,2510,27.9,14,2,16,13,1,3,6,0,14.1,11.8,1.2,13,32,38,164,0.5,0.07,0.57,0.47,0.54,0.51,0.04,0.55,0.42,0.47
282144,2024,7,19,24/25,Lecce,Fiorentina,15000000,7000000,Marin Pongračić,,hr CRO,DF,Lecce,it Serie A,25,1997,36,36,3219,35.8,0,0,0,0,0,0,10,1,1.2,1.2,0.4,1.5,45,134,7,0,0,0,0,0,0.03,0.01,0.04,0.03,0.04
689637,2024,7,2,24/25,Real Betis,Crystal Palace,15000000,15000000,Chadi Riad,,ma MAR,DF,Betis,es La Liga,20,2003,26,24,2164,24,0,0,0,0,0,0,1,0,0.7,0.7,0.2,0.9,4,34,1,0,0,0,0,0,0.03,0.01,0.04,0.03,0.04
919515,2024,7,1,24/25,Stade Rennais,B. Leverkusen,15000000,10000000,Jeanuël Belocian,,fr FRA,DF,Rennes,fr Ligue 1,18,2005,23,16,1448,16.1,0,1,1,0,0,0,0,0,0.5,0.5,0.4,0.9,16,60,37,0,0.06,0.06,0,0.06,0.03,0.02,0.06,0.03,0.06
290532,2024,7,1,24/25,West Ham,Olympique Lyon,14400000,20000000,Saïd Benrahma,,dz ALG,"FW,MF",West Ham,eng Premier League,27,1995,13,5,620,6.9,0,1,1,0,0,1,1,0,1.8,1,1.4,2.5,28,28,70,0,0.15,0.15,0,0.15,0.27,0.21,0.47,0.15,0.36
401320,2024,8,25,24/25,Burnley,Ipswich,14200000,7000000,Dara O'Shea,,ie IRL,DF,Burnley,eng Premier League,24,1999,33,32,2892,32.1,3,4,7,3,0,0,5,1,0.7,0.7,2,2.7,32,122,10,0.09,0.12,0.22,0.09,0.22,0.02,0.06,0.08,0.02,0.08
191056,2025,1,8,24/25,Lens,Stade Rennais,14000000,15000000,Brice Samba,,fr FRA,GK,Lens,fr Ligue 1,29,1994,33,33,2970,33,0,0,0,0,0,0,3,0,0,0,0.2,0.2,0,4,0,0,0,0,0,0,0,0.01,0.01,0,0.01
423744,2024,8,30,24/25,Brighton,Napoli,14000000,18000000,Billy Gilmour,,sct SCO,MF,Brighton,eng Premier League,22,2001,30,24,2120,23.6,0,1,1,0,0,0,8,1,1,1,2,3,39,193,33,0,0.04,0.04,0,0.04,0.04,0.09,0.13,0.04,0.13
461833,2024,7,9,24/25,Atalanta BC,Leicester,14000000,8000000,Caleb Okoli,,it ITA,DF,Frosinone,it Serie A,22,2001,34,32,2914,32.4,0,1,1,0,0,0,9,0,0.6,0.6,0.8,1.4,22,118,4,0,0.03,0.03,0,0.03,0.02,0.02,0.04,0.02,0.04
581672,2024,7,1,24/25,Juventus,Aston Villa,14000000,13000000,Samuel Iling,,eng ENG,"DF,MF",Juventus,it Serie A,19,2003,24,4,810,9,1,2,3,1,0,0,1,0,0.7,0.7,1.3,2,29,25,64,0.11,0.22,0.33,0.11,0.33,0.08,0.14,0.23,0.08,0.23
388516,2024,7,9,24/25,Genoa,Inter,13500000,8000000,Josep Martínez,,es ESP,GK,Genoa,it Serie A,25,1998,36,36,3239,36,0,0,0,0,0,0,4,1,0,0,0,0,0,2,0,0,0,0,0,0,0,0,0,0,0
585982,2024,7,1,24/25,Monza,Inter,13250000,22000000,Carlos Augusto,,br BRA,DF,Inter,it Serie A,24,1999,37,14,1725,19.2,0,3,3,0,0,0,1,0,1,1,2.8,3.9,42,54,88,0,0.16,0.16,0,0.16,0.05,0.15,0.2,0.05,0.2
523318,2025,2,3,24/25,Celta de Vigo,Como,13000000,5000000,Anastasios Douvikas,,gr GRE,FW,Celta Vigo,es La Liga,23,1999,32,7,905,10.1,7,1,8,7,0,0,2,0,4.6,4.6,1.3,5.9,10,13,53,0.7,0.1,0.8,0.7,0.8,0.46,0.13,0.59,0.46,0.59
690799,2025,2,3,24/25,VfB Stuttgart,Stade Rennais,13000000,10000000,Anthony Rouault,,fr FRA,DF,Stuttgart,de Bundesliga,22,2001,22,11,1010,11.2,0,2,2,0,0,0,3,0,0.1,0.1,0.8,0.9,8,68,10,0,0.18,0.18,0,0.18,0.01,0.07,0.08,0.01,0.08
368891,2025,2,2,24/25,Stade Rennais,E. Frankfurt,13000000,20000000,Arthur Theate,,be BEL,DF,Rennes,fr Ligue 1,23,2000,28,27,2296,25.5,2,0,2,2,0,0,4,0,1.9,1.9,0.8,2.7,33,151,24,0.08,0,0.08,0.08,0.08,0.07,0.03,0.11,0.07,0.11
622380,2025,2,2,24/25,Chelsea,Torino,13000000,10000000,Cesare Casadei,,it ITA,"FW,MF",Chelsea,eng Premier League,20,2003,11,0,79,0.9,0,0,0,0,0,0,0,0,0,0,0.1,0.1,1,3,3,0,0,0,0,0,0,0.12,0.12,0,0.12
128223,2024,7,19,24/25,Atlético Madrid,AC Milan,13000000,16000000,Álvaro Morata,,es ESP,FW,Atlético Madrid,es La Liga,30,1992,32,21,1904,21.2,15,3,18,15,0,1,4,1,13.8,12.9,1.7,14.6,22,20,88,0.71,0.14,0.85,0.71,0.85,0.65,0.08,0.73,0.61,0.69
364135,2024,7,9,24/25,Juventus,Fiorentina,13000000,14000000,Moise Kean,,it ITA,FW,Juventus,it Serie A,23,2000,19,8,654,7.3,0,0,0,0,0,0,2,0,2.1,2.1,0.7,2.8,12,6,38,0,0,0,0,0,0.28,0.1,0.38,0.28,0.38
465830,2024,7,1,24/25,Marseille,Lazio,13000000,25000000,Mattéo Guendouzi,,fr FRA,MF,Lazio,it Serie A,24,1999,33,27,2367,26.3,2,3,5,2,0,0,3,1,1.6,1.6,2.3,3.9,46,119,79,0.08,0.11,0.19,0.08,0.19,0.06,0.09,0.15,0.06,0.15
713644,2024,7,1,24/25,Granada CF,Bayern Munich,13000000,12000000,Bryan Zaragoza,,es ESP,"MF,FW",Granada,es La Liga,22,2001,21,18,1638,18.2,6,2,8,5,1,1,5,0,3.8,3,3.3,6.3,100,36,127,0.33,0.11,0.44,0.27,0.38,0.21,0.18,0.39,0.16,0.35
729814,2024,7,1,24/25,Ajax,FC Metz,13000000,15000000,Georges Mikautadze,,ge GEO,FW,Metz,fr Ligue 1,22,2000,20,20,1747,19.4,13,4,17,10,3,3,0,1,9.5,7.2,2.4,9.5,52,51,95,0.67,0.21,0.88,0.52,0.72,0.49,0.12,0.61,0.37,0.49
686965,2024,7,18,24/25,Hellas Verona,Juventus,12800000,3500000,Juan Cabal,,co COL,DF,Hellas Verona,it Serie A,22,2001,22,17,1497,16.6,0,0,0,0,0,0,6,0,0.5,0.5,0.4,0.9,26,70,48,0,0,0,0,0,0.03,0.03,0.06,0.03,0.06
413507,2024,7,18,24/25,Fiorentina,Nottm Forest,12300000,15000000,Nikola Milenković,,rs SRB,DF,Fiorentina,it Serie A,25,1997,34,27,2510,27.9,0,0,0,0,0,0,4,0,0.4,0.4,0.7,1.1,8,81,10,0,0,0,0,0,0.01,0.03,0.04,0.01,0.04
1061282,2025,1,7,24/25,Real Betis,Como,12000000,9000000,Assane Diao,,es ESP,FW,Betis,es La Liga,17,2005,18,13,1048,11.6,2,0,2,2,0,0,4,0,2.5,2.5,0.7,3.2,33,20,101,0.17,0,0.17,0.17,0.17,0.21,0.06,0.28,0.21,0.28
341092,2024,8,29,24/25,Juventus,Liverpool,12000000,35000000,Federico Chiesa,,it ITA,FW,Juventus,it Serie A,25,1997,33,25,2197,24.4,9,2,11,8,1,1,1,0,6.4,5.6,6.2,11.9,111,70,216,0.37,0.08,0.45,0.33,0.41,0.26,0.25,0.52,0.23,0.49
662261,2024,7,10,24/25,Real Madrid,Napoli,12000000,7500000,Rafa Marín,,es ESP,DF,Alavés,es La Liga,21,2002,33,27,2443,27.1,0,0,0,0,0,0,6,0,0.7,0.7,0.3,1,13,77,6,0,0,0,0,0,0.03,0.01,0.04,0.03,0.04
343475,2024,7,1,24/25,Everton,Atalanta BC,12000000,10000000,Ben Godfrey,,eng ENG,DF,Everton,eng Premier League,25,1998,15,13,1120,12.4,0,0,0,0,0,0,2,0,1.7,1.7,0.3,2,11,43,26,0,0,0,0,0,0.14,0.02,0.16,0.14,0.16
842341,2024,7,1,24/25,Montpellier,Burnley,12000000,7000000,Maxime Estève,,fr FRA,DF,Burnley,eng Premier League,21,2002,16,15,1309,14.5,0,0,0,0,0,0,6,0,0.3,0.3,0,0.3,15,40,3,0,0,0,0,0,0.02,0,0.02,0.02,0.02
110864,2024,8,30,24/25,Crystal Palace,Wolves,11900000,10000000,Sam Johnstone,,eng ENG,GK,Crystal Palace,eng Premier League,30,1993,20,20,1796,20,0,0,0,0,0,0,1,0,0,0,0,0,0,0,0,0,0,0,0,0,0,0,0,0,0
627248,2024,7,1,24/25,Everton,Aston Villa,11800000,2500000,Lewis Dobbin,,eng ENG,MF,Everton,eng Premier League,20,2003,12,1,232,2.6,1,0,1,1,0,0,1,0,0.3,0.3,0.5,0.8,6,3,20,0.39,0,0.39,0.39,0.39,0.11,0.19,0.3,0.11,0.3
609556,2024,8,8,24/25,Sheff Utd,Newcastle,11600000,3000000,William Osula,,dk DEN,FW,Sheffield Utd,eng Premier League,19,2003,21,9,786,8.7,0,0,0,0,0,0,4,0,1.6,1.6,0.1,1.7,7,2,41,0,0,0,0,0,0.19,0.01,0.2,0.19,0.2
329145,2025,1,23,24/25,Aston Villa,Fenerbahce,11470000,11000000,Diego Carlos,,br BRA,DF,Aston Villa,eng Premier League,30,1993,27,20,1816,20.2,0,0,0,0,0,0,4,0,1.9,1.9,0.1,2,4,59,1,0,0,0,0,0,0.1,0,0.1,0.1,0.1
565435,2024,8,30,24/25,FC Augsburg,Celtic,11000000,9000000,Arne Engels,,be BEL,"MF,DF",Augsburg,de Bundesliga,19,2003,32,13,1405,15.6,3,2,5,3,0,0,1,1,1.8,1.8,1.2,3,23,52,62,0.19,0.13,0.32,0.19,0.32,0.12,0.08,0.19,0.12,0.19
228948,2024,7,1,24/25,West Ham,Monaco,11000000,10000000,Thilo Kehrer,,de GER,"DF,MF",West Ham,eng Premier League,26,1996,4,0,22,0.2,0,0,0,0,0,0,2,0,0,0,0,0,0,1,1,0,0,0,0,0,0,0,0,0,0
41384,2024,7,1,24/25,Bologna,Inter,10900000,4000000,Marko Arnautovic,,at AUT,FW,Inter,it Serie A,34,1989,27,5,801,8.9,5,3,8,5,0,0,0,0,5,5,2.6,7.6,12,20,77,0.56,0.34,0.9,0.56,0.9,0.56,0.29,0.85,0.56,0.85
696589,2024,7,1,24/25,Aston Villa,Everton,10700000,4000000,Tim Iroegbunam,,eng ENG,MF,Aston Villa,eng Premier League,20,2003,9,1,164,1.8,0,0,0,0,0,0,0,0,0,0,0,0,3,1,0,0,0,0,0,0,0,0,0,0,0
807165,2024,7,1,24/25,FC Lorient,Marseille,10500000,6000000,Bamo Meïté,,ci CIV,DF,Marseille,fr Ligue 1,21,2001,16,6,638,7.1,0,0,0,0,0,0,1,0,0.1,0.1,0,0.1,11,29,5,0,0,0,0,0,0.01,0,0.01,0.01,0.01
659516,2025,2,3,24/25,Monza,AC Milan,10000000,7000000,Warren Bondo,,fr FRA,MF,Monza,it Serie A,19,2003,25,14,1475,16.4,1,1,2,1,0,0,9,0,0.9,0.9,0.3,1.2,31,43,13,0.06,0.06,0.12,0.06,0.12,0.06,0.02,0.08,0.06,0.08
539134,2025,2,1,24/25,Monza,Atalanta BC,10000000,6000000,Daniel Maldini,,it ITA,"MF,FW",Monza,it Serie A,21,2001,11,2,333,3.7,4,1,5,4,0,0,0,0,1.3,1.3,1.2,2.4,15,10,22,1.08,0.27,1.35,1.08,1.35,0.34,0.31,0.65,0.34,0.65
910905,2024,8,22,24/25,Olympique Lyon,R. Strasbourg,10000000,1000000,Mamadou Sarr,,fr FRA,DF,Lyon,fr Ligue 1,17,2005,1,0,8,0.1,0,0,0,0,0,0,0,0,0,0,0,0,0,0,0,0,0,0,0,0,0,0,0,0,0
513970,2024,8,13,24/25,Barcelona,Bournemouth,10000000,8000000,Julian Araujo,,mx MEX,DF,Las Palmas,es La Liga,21,2001,25,15,1462,16.2,1,0,1,1,0,0,5,0,0.7,0.7,1.2,1.9,23,74,47,0.06,0,0.06,0.06,0.06,0.04,0.07,0.11,0.04,0.11
780630,2024,7,15,24/25,Man Utd,Villarreal,10000000,5000000,Willy Kambwala,,fr FRA,DF,Manchester Utd,eng Premier League,18,2004,8,3,330,3.7,0,0,0,0,0,0,1,0,0,0,0,0,2,8,1,0,0,0,0,0,0,0,0,0,0
459151,2024,7,12,24/25,Atalanta BC,Bologna,10000000,7000000,Nicolò Cambiaghi,,it ITA,"FW,MF",Empoli,it Serie A,22,2000,37,29,2553,28.4,1,1,2,1,0,0,3,0,3.9,3.9,2.8,6.7,128,63,197,0.04,0.04,0.07,0.04,0.07,0.14,0.1,0.24,0.14,0.24
659543,2024,7,3,24/25,Stade Rennais,FC Nantes,10000000,6000000,Matthis Abline,,fr FRA,FW,Nantes,fr Ligue 1,20,2003,22,12,1044,11.6,5,0,5,5,0,0,1,0,3.8,3.8,2,5.8,28,20,87,0.43,0,0.43,0.43,0.43,0.33,0.17,0.5,0.33,0.5
371021,2024,7,17,24/25,Burnley,Ipswich,9550000,7000000,Arijanet Muric,,xk KVX,GK,Burnley,eng Premier League,24,1998,10,10,900,10,0,0,0,0,0,0,0,0,0,0,0.2,0.2,0,1,0,0,0,0,0,0,0,0.02,0.02,0,0.02
982855,2025,2,3,24/25,Hellas Verona,Lazio,9500000,10000000,Reda Belahyane,,fr FRA,MF,Hellas Verona,it Serie A,19,2004,2,1,90,1,0,0,0,0,0,0,0,0,0,0,0,0,1,4,2,0,0,0,0,0,0.03,0,0.03,0.03,0.03
392591,2024,8,28,24/25,Luton,Ipswich,9500000,8000000,Chiedozie Ogbene,,ie IRL,"MF,DF",Luton Town,eng Premier League,26,1997,30,20,1995,22.2,4,1,5,4,0,0,1,0,4.2,4.2,3.1,7.4,127,53,150,0.18,0.05,0.23,0.18,0.23,0.19,0.14,0.33,0.19,0.33
1018259,2025,1,2,24/25,Olympique Lyon,TSG Hoffenheim,9000000,10000000,Gift Orban,,ng NGA,FW,Lyon,fr Ligue 1,21,2002,13,5,474,5.3,1,0,1,1,0,0,2,0,1.1,1.1,0,1.1,8,6,33,0.19,0,0.19,0.19,0.19,0.21,0,0.21,0.21,0.21
620598,2024,8,27,24/25,Burnley,VfB Stuttgart,9000000,12000000,Ameen Al,,be BEL,DF,Burnley,eng Premier League,21,2002,13,12,1056,11.7,1,0,1,1,0,0,1,0,1.3,1.3,0.1,1.4,7,35,9,0.09,0,0.09,0.09,0.09,0.11,0.01,0.12,0.11,0.12
893675,2024,8,12,24/25,Stade Reims,Fiorentina,9000000,6000000,Amir Richardson,,ma MAR,MF,Reims,fr Ligue 1,21,2002,28,14,1352,15,3,1,4,3,0,0,4,0,1.6,1.6,1.1,2.8,28,72,40,0.2,0.07,0.27,0.2,0.27,0.11,0.08,0.18,0.11,0.18
366930,2024,7,12,24/25,Man City,Real Sociedad,9000000,10000000,Sergio Gómez,,es ESP,"FW,MF",Manchester City,eng Premier League,22,2000,6,0,53,0.6,0,1,1,0,0,0,0,0,0.2,0.2,0.2,0.4,4,2,4,0,1.7,1.7,0,1.7,0.41,0.31,0.73,0.41,0.73
689637,2024,7,1,24/25,Barcelona,Real Betis,9000000,15000000,Chadi Riad,,ma MAR,DF,Betis,es La Liga,20,2003,26,24,2164,24,0,0,0,0,0,0,1,0,0.7,0.7,0.2,0.9,4,34,1,0,0,0,0,0,0.03,0.01,0.04,0.03,0.04
73794,2024,7,1,24/25,Atalanta BC,Torino,8600000,8000000,Duván Zapata,,co COL,FW,Torino,it Serie A,32,1991,35,34,2880,32,12,4,16,12,0,0,2,0,10.9,10.9,3,13.9,74,52,242,0.37,0.12,0.5,0.37,0.5,0.34,0.09,0.43,0.34,0.43
569387,2024,8,27,24/25,Lecce,TSG Hoffenheim,8500000,7000000,Valentin Gendrey,,fr FRA,DF,Lecce,it Serie A,23,2000,37,35,3044,33.8,2,3,5,2,0,0,5,0,1.6,1.6,1.6,3.2,76,116,86,0.06,0.09,0.15,0.06,0.15,0.05,0.05,0.1,0.05,0.1
552549,2024,7,10,24/25,Sassuolo,Cruzeiro,8500000,8500000,Matheus Henrique,,br BRA,MF,Sassuolo,it Serie A,25,1997,31,27,2501,27.8,2,2,4,2,0,0,8,1,2.3,2.3,1.6,3.9,43,94,44,0.07,0.07,0.14,0.07,0.14,0.08,0.06,0.14,0.08,0.14
320141,2024,7,1,24/25,Atlético Madrid,Fenerbahce,8500000,10000000,Çağlar Söyüncü,,tr TUR,DF,Atlético Madrid,es La Liga,27,1996,6,1,114,1.3,0,0,0,0,0,0,0,1,0,0,0,0,2,6,0,0,0,0,0,0,0,0,0,0,0
607226,2024,7,1,24/25,Salernitana,Lazio,8450000,8000000,Loum Tchaouna,,fr FRA,"FW,MF",Salernitana,it Serie A,19,2003,33,23,2100,23.3,4,3,7,4,0,0,4,0,2.6,2.6,1.5,4.1,72,59,151,0.17,0.13,0.3,0.17,0.3,0.11,0.06,0.18,0.11,0.18
586853,2024,7,1,24/25,Marseille,Genoa,8300000,14000000,Vitinha,,pt POR,"FW,MF",Genoa,it Serie A,23,2000,9,2,285,3.2,2,0,2,2,0,0,2,0,1.1,1.1,0.1,1.3,10,4,21,0.63,0,0.63,0.63,0.63,0.36,0.04,0.4,0.36,0.4
367464,2024,7,1,24/25,Lazio,UD Almería,8100000,5000000,Luís Maximiano,,pt POR,GK,Almería,es La Liga,24,1999,33,33,2970,33,0,0,0,0,0,0,1,0,0,0,0,0,0,0,0,0,0,0,0,0,0,0,0,0,0
323954,2024,7,10,24/25,Udinese Calcio,Cruzeiro,8000000,6000000,Walace,,br BRA,MF,Udinese,it Serie A,28,1995,37,37,3238,36,2,0,2,2,0,0,7,0,0.8,0.8,1.1,1.9,37,127,22,0.06,0,0.06,0.06,0.06,0.02,0.03,0.05,0.02,0.05
646402,2024,7,5,24/25,Real Betis,Olympique Lyon,8000000,7000000,Abner,,br BRA,DF,Betis,es La Liga,23,2000,23,15,1400,15.6,0,1,1,0,0,0,3,0,0.1,0.1,1,1.1,14,33,58,0,0.06,0.06,0,0.06,0.01,0.06,0.07,0.01,0.07
385394,2024,7,1,24/25,Cagliari,Como,8000000,5000000,Alberto Dossena,,it ITA,DF,Cagliari,it Serie A,24,1998,35,33,2977,33.1,2,4,6,2,0,0,5,0,2.2,2.2,2.1,4.3,9,89,2,0.06,0.12,0.18,0.06,0.18,0.07,0.06,0.13,0.07,0.13
490384,2024,7,1,24/25,Juventus,Genoa,8000000,12000000,Koni De Winter,,be BEL,DF,Genoa,it Serie A,21,2002,29,26,2380,26.4,0,1,1,0,0,0,8,1,0.8,0.8,1,1.8,21,76,15,0,0.04,0.04,0,0.04,0.03,0.04,0.07,0.03,0.07
572265,2024,7,1,24/25,Pisa,Udinese,8000000,12000000,Lorenzo Lucca,,it ITA,FW,Udinese,it Serie A,22,2000,37,30,2592,28.8,8,4,12,8,0,0,6,0,7.8,7.8,1.6,9.4,10,18,118,0.28,0.14,0.42,0.28,0.42,0.27,0.06,0.33,0.27,0.33
671915,2024,7,1,24/25,Juventus,Aston Villa,8000000,7500000,Enzo Barrenechea,,ar ARG,MF,Frosinone,it Serie A,22,2001,36,32,2811,31.2,0,1,1,0,0,0,10,0,0.6,0.6,1.7,2.3,10,155,24,0,0.03,0.03,0,0.03,0.02,0.05,0.07,0.02,0.07
496745,2024,7,1,24/25,Spezia Calcio,Bologna,7700000,12000000,Emil Holm,,se SWE,DF,Atalanta,it Serie A,23,2000,22,12,947,10.5,1,1,2,1,0,0,5,0,2.7,2.7,0.8,3.6,28,27,80,0.1,0.1,0.19,0.1,0.19,0.26,0.08,0.34,0.26,0.34
588426,2024,7,17,24/25,UD Las Palmas,Torino,7500000,8000000,Saúl Coco,,gq EQG,DF,Las Palmas,es La Liga,24,1999,30,26,2295,25.5,1,0,1,1,0,0,6,1,1.1,1.1,0,1.1,9,69,1,0.04,0,0.04,0.04,0.04,0.04,0,0.04,0.04,0.04
982267,2024,7,17,24/25,Cagliari,Atalanta BC,7500000,4000000,Ibrahim Sulemana,,gh GHA,MF,Cagliari,it Serie A,20,2003,21,16,1339,14.9,2,0,2,2,0,0,4,0,0.8,0.8,0.1,0.9,15,27,14,0.13,0,0.13,0.13,0.13,0.05,0.01,0.06,0.05,0.06
620477,2024,7,10,24/25,Juventus,Cruzeiro,7200000,4000000,Kaio Jorge,,br BRA,FW,Frosinone,it Serie A,21,2002,20,8,812,9,3,0,3,2,1,2,2,0,5.4,3.8,0.3,4.2,6,11,46,0.33,0,0.33,0.22,0.22,0.6,0.03,0.64,0.43,0.46
389253,2024,8,30,24/25,Sheff Utd,Celtic,7100000,7000000,Auston Trusty,,us USA,DF,Sheffield Utd,eng Premier League,24,1998,32,28,2572,28.6,0,0,0,0,0,0,4,0,0.4,0.4,1.1,1.5,10,40,15,0,0,0,0,0,0.01,0.04,0.05,0.01,0.05
82873,2024,8,1,24/25,Brighton,Bor. Dortmund,7000000,8000000,Pascal Groß,,de GER,"MF,DF",Brighton,eng Premier League,32,1991,36,34,3114,34.6,4,10,14,3,1,1,6,0,6.5,5.7,8.1,13.8,83,302,180,0.12,0.29,0.4,0.09,0.38,0.19,0.24,0.42,0.16,0.4
193033,2024,7,1,24/25,Heidenheim,Bor. M'gladbach,7000000,6000000,Tim Kleindienst,,de GER,FW,Heidenheim,de Bundesliga,27,1995,33,33,2869,31.9,12,3,15,10,2,2,6,0,13.9,12.3,3.3,15.6,40,73,178,0.38,0.09,0.47,0.31,0.41,0.44,0.1,0.54,0.39,0.49
338285,2024,7,1,24/25,Athletic,Celta de Vigo,7000000,7000000,Unai Núñez,,es ESP,DF,Celta Vigo,es La Liga,26,1997,34,31,2801,31.1,1,0,1,1,0,0,4,0,1.4,1.4,0.8,2.2,10,106,2,0.03,0,0.03,0.03,0.03,0.05,0.02,0.07,0.05,0.07
494880,2024,8,3,24/25,Villarreal,Fulham,6700000,6000000,Jorge Cuenca,,es ESP,DF,Villarreal,es La Liga,23,1999,29,21,1963,21.8,3,1,4,3,0,0,7,0,1.2,1.2,0.2,1.5,11,78,30,0.14,0.05,0.18,0.14,0.18,0.06,0.01,0.07,0.06,0.07
568158,2024,7,21,24/25,Alavés,Real Sociedad,6500000,7500000,Javi López,,es ESP,DF,Alavés,es La Liga,21,2002,32,25,2386,26.5,1,3,4,1,0,0,3,0,0.9,0.9,3,4,53,92,120,0.04,0.11,0.15,0.04,0.15,0.04,0.11,0.15,0.04,0.15
332798,2024,9,13,24/25,SC Freiburg,Galatasaray,6000000,15000000,Roland Sallai,,hu HUN,"MF,FW",Freiburg,de Bundesliga,26,1997,27,22,1840,20.4,3,2,5,3,0,1,6,0,7.9,7.1,3.5,10.6,47,41,139,0.15,0.1,0.24,0.15,0.24,0.39,0.17,0.56,0.35,0.52
387687,2024,9,12,24/25,UD Almería,Loko Moscow,6000000,3000000,César Montes,,mx MEX,DF,Almería,es La Liga,26,1997,21,21,1788,19.9,0,0,0,0,0,0,5,0,0.7,0.7,0.2,0.9,7,52,2,0,0,0,0,0,0.04,0.01,0.04,0.04,0.04
676318,2024,8,21,24/25,Man Utd,Panathinaikos,6000000,10000000,Facundo Pellistri,,uy URU,"FW,MF",Manchester Utd,eng Premier League,21,2001,9,1,172,1.9,0,1,1,0,0,0,0,0,0.7,0.7,0.1,0.8,6,6,31,0,0.52,0.52,0,0.52,0.38,0.05,0.43,0.38,0.43
711980,2024,7,26,24/25,Stade Rennais,R. Strasbourg,6000000,7000000,Guela Doué,,ci CIV,DF,Rennes,fr Ligue 1,20,2002,24,13,1234,13.7,0,2,2,0,0,0,1,1,0.5,0.5,1.1,1.6,41,53,85,0,0.15,0.15,0,0.15,0.04,0.08,0.12,0.04,0.12
811778,2024,7,1,24/25,Man Utd,Benfica,6000000,7000000,Álvaro Carreras,,es ESP,"MF,FW",Granada,es La Liga,20,2003,13,5,475,5.3,0,0,0,0,0,0,1,0,0.4,0.4,0.4,0.8,13,14,31,0,0,0,0,0,0.07,0.08,0.15,0.07,0.15
938158,2024,7,1,24/25,Barcelona,Chelsea,6000000,7500000,Marc Guiu,,es ESP,"FW,MF",Barcelona,es La Liga,17,2006,3,1,74,0.8,1,0,1,1,0,0,1,0,0.8,0.8,0.3,1,1,1,8,1.22,0,1.22,1.22,1.22,0.92,0.32,1.24,0.92,1.24
465717,2024,7,20,24/25,Sheff Utd,Leeds,5950000,3800000,Jayden Bogle,,eng ENG,DF,Sheffield Utd,eng Premier League,23,2000,34,32,2788,31,3,0,3,3,0,0,9,0,2.3,2.3,1,3.3,38,60,92,0.1,0,0.1,0.1,0.1,0.07,0.03,0.11,0.07,0.11
108354,2024,8,23,24/25,Crystal Palace,Leicester,5900000,4000000,Jordan Ayew,,gh GHA,"FW,MF",Crystal Palace,eng Premier League,31,1991,35,30,2543,28.3,4,7,11,4,0,0,9,1,3.9,3.9,4.2,8.1,74,63,173,0.14,0.25,0.39,0.14,0.39,0.14,0.15,0.29,0.14,0.29
131978,2024,7,1,24/25,Luton,Aston Villa,5900000,8000000,Ross Barkley,,eng ENG,MF,Luton Town,eng Premier League,29,1993,32,30,2618,29.1,5,4,9,5,0,0,6,0,4.1,4.1,3.7,7.9,48,163,39,0.17,0.14,0.31,0.17,0.31,0.14,0.13,0.27,0.14,0.27
646829,2024,7,1,24/25,Hammarby,FC Lorient,5700000,2500000,Nathaniel Adjei,,gh GHA,DF,Lorient,fr Ligue 1,20,2002,15,14,1243,13.8,0,0,0,0,0,0,2,0,0.4,0.4,0.1,0.5,10,34,4,0,0,0,0,0,0.03,0.01,0.03,0.03,0.03
607034,2025,1,27,24/25,Montpellier,Sevilla FC,5500000,9000000,Akor Adams,,ng NGA,FW,Montpellier,fr Ligue 1,23,2000,32,27,2252,25,8,1,9,8,0,0,2,0,12.4,12.4,1.9,14.3,40,17,127,0.32,0.04,0.36,0.32,0.36,0.5,0.07,0.57,0.5,0.57
277179,2024,7,1,24/25,RB Leipzig,AS Roma,5200000,8000000,Angeliño,,es ESP,DF,Roma,it Serie A,26,1997,16,14,1141,12.7,0,1,1,0,0,0,2,0,0.2,0.2,1.6,1.7,12,40,55,0,0.08,0.08,0,0.08,0.01,0.12,0.14,0.01,0.14
651005,2025,2,3,24/25,Paris SG,Fiorentina,5000000,4000000,Cher Ndour,,it ITA,MF,Paris S-G,fr Ligue 1,19,2004,3,0,28,0.3,0,0,0,0,0,0,1,0,0,0,0,0,0,2,1,0,0,0,0,0,0,0,0,0,0
345458,2024,8,30,24/25,FC Empoli,Torino,5000000,2500000,Sebastian Walukiewicz,,pl POL,DF,Empoli,it Serie A,23,2000,27,23,2055,22.8,0,0,0,0,0,0,6,0,0.1,0.1,0.1,0.2,14,45,5,0,0,0,0,0,0.01,0,0.01,0.01,0.01
348795,2024,8,30,24/25,Tottenham,Real Betis,5000000,16000000,Giovani Lo Celso,,ar ARG,MF,Tottenham,eng Premier League,27,1996,22,4,506,5.6,2,2,4,2,0,0,2,0,0.6,0.6,1.9,2.5,25,68,29,0.36,0.36,0.71,0.36,0.71,0.1,0.34,0.45,0.1,0.45
955253,2024,8,29,24/25,FC Nantes,Wolves,5000000,800000,Bastien Meupiyou,,fr FRA,DF,Nantes,fr Ligue 1,17,2006,1,1,8,0.1,0,0,0,0,0,0,0,1,0,0,0,0,0,0,0,0,0,0,0,0,0,0,0,0,0
491296,2024,8,22,24/25,Burnley,Lens,5000000,9000000,Anass Zaroury,,ma MAR,"FW,MF",Burnley,eng Premier League,22,2000,6,1,152,1.7,0,0,0,0,0,0,0,1,0.2,0.2,0,0.2,2,2,12,0,0,0,0,0,0.1,0.02,0.12,0.1,0.12
516722,2024,8,3,24/25,Ferencváros,Spartak Moscow,5000000,4000000,Marquinhos,,br BRA,"FW,MF",Nantes,fr Ligue 1,20,2003,7,1,154,1.7,0,0,0,0,0,0,0,0,0.3,0.3,0.7,1,2,4,11,0,0,0,0,0,0.15,0.43,0.58,0.15,0.58
539134,2024,7,31,24/25,AC Milan,Monza,5000000,4500000,Daniel Maldini,,it ITA,"MF,FW",Monza,it Serie A,21,2001,11,2,333,3.7,4,1,5,4,0,0,0,0,1.3,1.3,1.2,2.4,15,10,22,1.08,0.27,1.35,1.08,1.35,0.34,0.31,0.65,0.34,0.65
175639,2024,7,25,24/25,Marseille,OGC Nice,5000000,12000000,Jonathan Clauss,,fr FRA,DF,Marseille,fr Ligue 1,30,1992,27,25,2068,23,3,4,7,3,0,0,2,1,1.3,1.3,4.6,5.9,59,137,172,0.13,0.17,0.3,0.13,0.3,0.06,0.2,0.26,0.06,0.26
392966,2024,7,17,24/25,Atalanta BC,Cagliari,5000000,3000000,Nadir Zortea,,it ITA,DF,Frosinone,it Serie A,24,1999,14,14,1258,14,1,5,6,1,0,0,3,0,0.4,0.4,2.8,3.3,31,42,71,0.07,0.36,0.43,0.07,0.43,0.03,0.2,0.23,0.03,0.23
374954,2024,7,1,24/25,E. Frankfurt,FC Augsburg,5000000,6500000,Kristijan Jakic,,hr CRO,"MF,FW",Eint Frankfurt,de Bundesliga,26,1997,4,1,200,2.2,0,0,0,0,0,0,1,0,0,0,0.2,0.2,3,11,9,0,0,0,0,0,0.02,0.08,0.1,0.02,0.1
433183,2024,7,1,24/25,Man City,Wolves,5000000,10000000,Tommy Doyle,,eng ENG,MF,Wolves,eng Premier League,21,2001,26,11,1222,13.6,0,0,0,0,0,0,2,0,0.4,0.4,0.4,0.9,21,81,17,0,0,0,0,0,0.03,0.03,0.06,0.03,0.06
518505,2024,7,1,24/25,Union Berlin,VfB Stuttgart,5000000,9000000,Jamie Leweling,,de GER,"FW,MF",Stuttgart,de Bundesliga,22,2001,34,17,1523,16.9,4,4,8,4,0,0,3,0,6.1,6.1,3.2,9.3,65,35,172,0.24,0.24,0.47,0.24,0.47,0.36,0.19,0.55,0.36,0.55
645774,2024,7,1,24/25,Werder Bremen,SC Freiburg,5000000,12000000,Eren Dinkçi,,de GER,"FW,MF",Heidenheim,de Bundesliga,21,2001,33,33,2650,29.4,10,5,15,10,0,0,8,0,4.3,4.3,3.7,8,85,89,143,0.34,0.17,0.51,0.34,0.51,0.15,0.13,0.27,0.15,0.27
443331,2024,7,1,24/25,VfL Bochum,SC Freiburg,4800000,7000000,Patrick Osterhage,,de GER,MF,Bochum,de Bundesliga,23,2000,24,21,1861,20.7,2,1,3,2,0,0,5,0,1.4,1.4,0.8,2.2,26,64,65,0.1,0.05,0.15,0.1,0.15,0.07,0.04,0.11,0.07,0.11
855134,2024,7,1,24/25,Olympique Lyon,Werder Bremen,4750000,4000000,Skelly Alvero,,fr FRA,MF,Lyon,fr Ligue 1,21,2002,8,6,426,4.7,1,0,1,1,0,0,2,0,0.4,0.4,0,0.4,3,27,13,0.21,0,0.21,0.21,0.21,0.09,0,0.09,0.09,0.09
327251,2025,1,10,24/25,VfL Wolfsburg,RB Leipzig,4500000,7000000,Ridle Baku,,de GER,"DF,MF",Wolfsburg,de Bundesliga,25,1998,33,22,2013,22.4,1,0,1,1,0,0,4,0,1.8,1.8,3,4.8,37,85,130,0.04,0,0.04,0.04,0.04,0.08,0.13,0.21,0.08,0.21
325223,2024,8,30,24/25,Olympique Lyon,Stade Brestois,4500000,4000000,Mama Baldé,,gw GNB,"FW,MF",Lyon,fr Ligue 1,27,1995,20,4,551,6.1,2,3,5,2,0,0,1,0,3.4,3.4,2.3,5.7,23,11,73,0.33,0.49,0.82,0.33,0.82,0.55,0.38,0.94,0.55,0.94
852024,2024,7,22,24/25,Sheff Utd,FC Basel,4500000,4000000,Benie Traoré,,ci CIV,"FW,MF",Sheffield Utd,eng Premier League,20,2002,8,3,387,4.3,0,0,0,0,0,0,0,0,0.3,0.3,0.5,0.8,7,9,14,0,0,0,0,0,0.06,0.13,0.19,0.06,0.19
167727,2024,7,1,24/25,AS Roma,Como,4500000,5000000,Andrea Belotti,,it ITA,FW,Fiorentina,it Serie A,29,1993,15,11,949,10.5,3,0,3,3,0,0,0,0,3.7,3.7,0.7,4.4,10,15,60,0.28,0,0.28,0.28,0.28,0.35,0.07,0.41,0.35,0.41
261905,2024,7,1,24/25,Hertha BSC,Hellas Verona,4500000,5000000,Suat Serdar,,de GER,MF,Hellas Verona,it Serie A,26,1997,25,19,1659,18.4,0,2,2,0,0,0,7,0,1,1,1.4,2.4,20,68,36,0,0.11,0.11,0,0.11,0.05,0.07,0.13,0.05,0.13
336869,2024,7,1,24/25,Leeds,Real Betis,4500000,9000000,Marc Roca,,es ESP,MF,Betis,es La Liga,26,1996,26,24,1980,22,2,2,4,2,0,0,5,0,1.1,1.1,1.4,2.5,24,126,20,0.09,0.09,0.18,0.09,0.18,0.05,0.06,0.12,0.05,0.12
713787,2024,7,1,24/25,EC Bahia,Lens,4500000,2000000,Jhoanner Chávez,,ec ECU,DF,Lens,fr Ligue 1,21,2002,8,6,481,5.3,0,0,0,0,0,0,1,0,0.3,0.3,0.5,0.8,4,15,19,0,0,0,0,0,0.06,0.08,0.14,0.06,0.14
345590,2024,7,1,24/25,AZ Alkmaar,Bologna,4280000,4500000,Jens Odgaard,,dk DEN,"FW,MF",Bologna,it Serie A,24,1999,10,5,431,4.8,2,0,2,2,0,0,1,0,1.5,1.5,0.1,1.5,9,9,30,0.42,0,0.42,0.42,0.42,0.31,0.01,0.32,0.31,0.32
346849,2024,7,20,24/25,Darmstadt 98,Birmingham,4150000,3000000,Christoph Klarer,,at AUT,DF,Darmstadt 98,de Bundesliga,23,2000,30,28,2354,26.2,2,2,4,2,0,0,9,0,1.2,1.2,0.9,2.1,9,64,11,0.08,0.08,0.15,0.08,0.15,0.05,0.04,0.08,0.05,0.08
164771,2024,9,4,24/25,Marseille,Olympique Lyon,4000000,15000000,Jordan Veretout,,fr FRA,MF,Marseille,fr Ligue 1,30,1993,29,24,2183,24.3,1,2,3,1,0,0,4,0,2.9,2.9,5,7.9,53,194,81,0.04,0.08,0.12,0.04,0.12,0.12,0.21,0.33,0.12,0.33
390177,2024,8,30,24/25,Sassuolo,Rangers,4000000,4500000,Nedim Bajrami,,al ALB,"MF,FW",Sassuolo,it Serie A,24,1999,28,15,1310,14.6,2,2,4,2,0,0,0,0,2.5,2.5,2.2,4.7,51,49,70,0.14,0.14,0.27,0.14,0.27,0.17,0.15,0.33,0.17,0.33
671594,2024,8,30,24/25,Stade Reims,Stade Brestois,4000000,5000000,Kamory Doumbia,,ml MLI,MF,Brest,fr Ligue 1,20,2003,25,7,879,9.8,6,5,11,6,0,0,1,0,4.2,4.2,0.9,5,22,48,43,0.61,0.51,1.13,0.61,1.13,0.43,0.09,0.52,0.43,0.52
422281,2024,8,24,24/25,Clermont Foot,Trabzonspor,4000000,6000000,Muhammed Cham,,at AUT,"MF,FW",Clermont Foot,fr Ligue 1,22,2000,33,29,2554,28.4,8,4,12,4,4,5,4,0,9.4,5.5,3.1,8.7,71,161,142,0.28,0.14,0.42,0.14,0.28,0.33,0.11,0.44,0.19,0.31
339699,2024,8,17,24/25,RCD Mallorca,Krasnodar,4000000,3000000,Giovanni González,,uy URU,DF,Mallorca,es La Liga,28,1994,34,27,2464,27.4,1,1,2,1,0,0,6,0,0.5,0.5,1.4,1.8,28,91,95,0.04,0.04,0.07,0.04,0.07,0.02,0.05,0.07,0.02,0.07
246968,2024,8,13,24/25,Real Betis,Villarreal,4000000,7000000,Ayoze Pérez,,es ESP,FW,Betis,es La Liga,30,1993,31,29,2294,25.5,9,1,10,9,0,0,4,0,7.4,7.4,3.9,11.3,90,80,175,0.35,0.04,0.39,0.35,0.39,0.29,0.15,0.44,0.29,0.44
569384,2024,8,6,24/25,Inter,Sevilla FC,4000000,6000000,Lucien Agoume,,fr FRA,MF,Inter,it Serie A,21,2002,1,0,5,0.1,0,0,0,0,0,0,0,0,0,0,0,0,0,0,0,0,0,0,0,0,0,0,0,0,0
613393,2024,7,13,24/25,Inter,Venezia,4000000,4000000,Gaetano Oristanio,,it ITA,"FW,MF",Cagliari,it Serie A,20,2002,25,11,1104,12.3,2,1,3,2,0,0,1,0,1.8,1.8,1.1,2.8,25,26,76,0.16,0.08,0.24,0.16,0.24,0.14,0.09,0.23,0.14,0.23
177046,2024,7,9,24/25,Alavés,UNAM Pumas,4000000,3000000,Rubén Duarte,,es ESP,DF,Alavés,es La Liga,27,1995,28,21,1878,20.9,2,1,3,2,0,0,7,0,0.7,0.7,1.5,2.2,16,81,39,0.1,0.05,0.14,0.1,0.14,0.03,0.07,0.1,0.03,0.1
174094,2024,7,1,24/25,Aston Villa,OGC Nice,4000000,8000000,Morgan Sanson,,fr FRA,MF,Nice,fr Ligue 1,28,1994,29,24,1964,21.8,2,3,5,2,0,0,4,0,3.3,3.3,4,7.3,57,75,98,0.09,0.14,0.23,0.09,0.23,0.15,0.18,0.33,0.15,0.33
303219,2024,7,1,24/25,1.FC Köln,VfB Stuttgart,4000000,9000000,Julian Chabot,,de GER,DF,Köln,de Bundesliga,25,1998,32,32,2703,30,0,0,0,0,0,0,9,1,1.4,1.4,0.4,1.8,17,71,8,0,0,0,0,0,0.05,0.01,0.06,0.05,0.06
251302,2024,8,30,24/25,FC Augsburg,Heidenheim,3500000,4000000,Niklas Dorsch,,de GER,MF,Augsburg,de Bundesliga,25,1998,21,16,1386,15.4,0,0,0,0,0,0,5,0,0.7,0.7,0.1,0.8,12,47,12,0,0,0,0,0,0.04,0.01,0.05,0.04,0.05
278531,2024,7,8,24/25,FC Empoli,Cagliari,3500000,3500000,Sebastiano Luperto,,it ITA,DF,Empoli,it Serie A,26,1996,38,38,3406,37.8,1,1,2,1,0,0,4,0,1.7,1.7,1,2.7,13,100,13,0.03,0.03,0.05,0.03,0.05,0.04,0.03,0.07,0.04,0.07
318523,2024,7,1,24/25,Southampton,Real Betis,3500000,5000000,Romain Perraud,,fr FRA,"DF,FW",Nice,fr Ligue 1,25,1997,19,2,370,4.1,0,1,1,0,0,0,2,0,0,0,0.9,1,6,11,13,0,0.24,0.24,0,0.24,0.01,0.23,0.24,0.01,0.24
457673,2024,7,1,24/25,Lecce,Como,3500000,6000000,Gabriel Strefezza,,br BRA,FW,Lecce,it Serie A,26,1997,19,13,1112,12.4,1,0,1,0,1,1,4,0,2.5,1.7,1.2,2.8,34,54,81,0.08,0,0.08,0,0,0.2,0.09,0.29,0.14,0.23
459988,2024,7,1,24/25,Frosinone,Brescia,3500000,1400000,Gennaro Borrelli,,it ITA,FW,Frosinone,it Serie A,23,2000,1,0,24,0.3,0,0,0,0,0,0,0,0,0,0,0,0,1,0,1,0,0,0,0,0,0,0,0,0,0
246291,2024,7,9,24/25,Leeds,Real Betis,3250000,7000000,Diego Llorente,,es ESP,DF,Roma,it Serie A,29,1993,29,27,2170,24.1,1,1,2,1,0,0,5,0,0.3,0.3,0.6,0.9,20,75,5,0.04,0.04,0.08,0.04,0.08,0.01,0.02,0.04,0.01,0.04
226524,2024,7,1,24/25,Union Berlin,Genoa,3100000,3000000,Morten Thorsby,,no NOR,MF,Genoa,it Serie A,27,1996,24,9,1157,12.9,2,2,4,2,0,0,2,0,1.8,1.8,1.4,3.2,6,28,39,0.16,0.16,0.31,0.16,0.31,0.14,0.11,0.25,0.14,0.25
1028162,2024,8,28,24/25,Le Havre AC,Parma,3000000,1500000,Antoine Joujou,,fr FRA,"FW,MF",Le Havre,fr Ligue 1,20,2003,23,6,779,8.7,0,2,2,0,0,0,1,0,1.1,1.1,0.6,1.8,35,22,82,0,0.23,0.23,0,0.23,0.13,0.07,0.2,0.13,0.2
275303,2024,8,6,24/25,Atalanta BC,Stade Rennais,3000000,3500000,Hans Hateboer,,nl NED,DF,Atalanta,it Serie A,29,1994,23,10,1113,12.4,0,1,1,0,0,0,5,0,0.3,0.3,2,2.4,19,42,71,0,0.08,0.08,0,0.08,0.03,0.16,0.19,0.03,0.19
487834,2024,7,20,24/25,Salernitana,Olympiacos,3000000,5500000,Lorenzo Pirola,,it ITA,DF,Salernitana,it Serie A,21,2002,27,24,1987,22.1,1,0,1,1,0,0,4,0,0.9,0.9,0,0.9,13,57,7,0.05,0,0.05,0.05,0.05,0.04,0,0.04,0.04,0.04
690799,2024,7,1,24/25,Toulouse,VfB Stuttgart,3000000,7000000,Anthony Rouault,,fr FRA,DF,Stuttgart,de Bundesliga,22,2001,22,11,1010,11.2,0,2,2,0,0,0,3,0,0.1,0.1,0.8,0.9,8,68,10,0,0.18,0.18,0,0.18,0.01,0.07,0.08,0.01,0.08
848509,2024,7,1,24/25,R Charleroi SC,Hellas Verona,3000000,3000000,Jackson Tchatchoua,,cm CMR,DF,Hellas Verona,it Serie A,21,2001,26,19,1725,19.2,0,2,2,0,0,0,2,0,0,0,1.3,1.3,34,53,66,0,0.1,0.1,0,0.1,0,0.07,0.07,0,0.07
170934,2025,2,5,24/25,Wolves,Galatasaray,2500000,9000000,Mario Lemina,,ga GAB,MF,Wolves,eng Premier League,29,1993,35,34,2968,33,4,1,5,4,0,0,12,1,4.6,4.6,1.5,6.2,32,76,49,0.12,0.03,0.15,0.12,0.15,0.14,0.05,0.19,0.14,0.19
336125,2025,2,3,24/25,Torino,Como,2500000,3000000,Mërgim Vojvoda,,xk KVX,DF,Torino,it Serie A,28,1995,28,15,1379,15.3,0,3,3,0,0,0,3,0,0.4,0.4,1.4,1.8,30,91,72,0,0.2,0.2,0,0.2,0.02,0.09,0.12,0.02,0.12
469976,2025,1,13,24/25,Le Havre AC,Basaksehir,2500000,4000000,Christopher Operi,,ci CIV,DF,Le Havre,fr Ligue 1,26,1997,28,28,2445,27.2,3,4,7,3,0,0,6,0,1.2,1.2,4,5.1,31,82,111,0.11,0.15,0.26,0.11,0.26,0.04,0.15,0.19,0.04,0.19
345886,2025,1,10,24/25,FC Augsburg,Sevilla FC,2500000,7000000,Ruben Vargas,,ch SUI,"MF,FW",Augsburg,de Bundesliga,24,1998,31,25,1962,21.8,4,5,9,4,0,0,3,0,3.9,3.9,2.4,6.3,57,77,145,0.18,0.23,0.41,0.18,0.41,0.18,0.11,0.29,0.18,0.29
977877,2024,8,30,24/25,Lens,Hellas Verona,2500000,500000,Ayanda Sishuba,,be BEL,"MF,FW",Lens,fr Ligue 1,18,2005,7,0,62,0.7,0,0,0,0,0,0,0,0,0.9,0.9,0,0.9,7,1,10,0,0,0,0,0,1.27,0.04,1.31,1.27,1.31
623521,2024,8,14,24/25,Real Madrid,Real Valladolid,2500000,2800000,Juanmi Latasa,,es ESP,FW,Getafe,es La Liga,22,2001,32,15,1555,17.3,2,0,2,2,0,0,7,1,3.6,3.5,1.5,5,7,16,82,0.12,0,0.12,0.12,0.12,0.21,0.09,0.29,0.2,0.29
413843,2024,7,1,24/25,SC Freiburg,FC Augsburg,2500000,6000000,Keven Schlotterbeck,,de GER,DF,Bochum,de Bundesliga,26,1997,27,24,2185,24.3,5,1,6,5,0,0,9,0,2,2,0.6,2.7,9,93,15,0.21,0.04,0.25,0.21,0.25,0.08,0.03,0.11,0.08,0.11
228645,2024,8,29,24/25,Burnley,Ajax,2380000,6000000,Wout Weghorst,,nl NED,FW,Hoffenheim,de Bundesliga,30,1992,28,24,1977,22,7,3,10,6,1,1,4,0,7.2,6.4,3.5,9.9,14,57,132,0.32,0.14,0.46,0.27,0.41,0.33,0.16,0.49,0.29,0.45
923838,2025,1,7,24/25,Le Havre AC,Cercle Brugge,2300000,800000,Steve Ngoura,,fr FRA,"FW,MF",Le Havre,fr Ligue 1,18,2005,12,1,223,2.5,0,1,1,0,0,0,0,0,0.5,0.5,0.1,0.6,3,9,19,0,0.4,0.4,0,0.4,0.19,0.03,0.22,0.19,0.22
313094,2024,9,2,24/25,OGC Nice,Feyenoord,2200000,8000000,Jordan Lotomba,,ch SUI,DF,Nice,fr Ligue 1,24,1998,28,21,1804,20,1,0,1,1,0,0,4,0,0.9,0.9,1.1,2,36,52,40,0.05,0,0.05,0.05,0.05,0.04,0.05,0.1,0.04,0.1
453864,2024,9,11,24/25,Frosinone,Rubin Kazan,2000000,900000,Marvin Cuni,,al ALB,FW,Frosinone,it Serie A,22,2001,22,6,534,5.9,1,0,1,1,0,0,0,0,1.3,1.3,0.3,1.6,6,11,45,0.17,0,0.17,0.17,0.17,0.22,0.05,0.28,0.22,0.28
249730,2024,8,29,24/25,Monaco,Torino,2000000,10000000,Guillermo Maripán,,cl CHI,DF,Monaco,fr Ligue 1,29,1994,23,21,1767,19.6,1,0,1,1,0,0,0,1,0.4,0.4,0.5,0.9,4,59,5,0.05,0,0.05,0.05,0.05,0.02,0.02,0.05,0.02,0.05
655006,2024,8,16,24/25,Chelsea,R. Strasbourg,2000000,3000000,Diego Moreira,,pt POR,"FW,MF",Lyon,fr Ligue 1,18,2004,7,4,270,3,0,0,0,0,0,0,1,0,0.7,0.7,0.3,1,10,12,23,0,0,0,0,0,0.24,0.11,0.35,0.24,0.35
221958,2024,7,30,24/25,Club Brugge,Olympiacos,2000000,3500000,Roman Yaremchuk,,ua UKR,FW,Valencia,es La Liga,27,1995,25,11,928,10.3,3,0,3,3,0,0,2,0,4.6,4.6,0.1,4.8,12,20,46,0.29,0,0.29,0.29,0.29,0.45,0.01,0.46,0.45,0.46
105521,2024,7,12,24/25,Lazio,Besiktas,2000000,4000000,Ciro Immobile,,it ITA,FW,Lazio,it Serie A,33,1990,31,21,1652,18.4,7,1,8,3,4,4,8,0,9.7,6.6,2.1,8.6,19,39,123,0.38,0.05,0.44,0.16,0.22,0.53,0.11,0.64,0.36,0.47
710004,2024,7,4,24/25,RM Castilla,Getafe,2000000,3000000,Peter Federico,,do DOM,"MF,FW",Valencia,es La Liga,21,2002,15,5,649,7.2,0,0,0,0,0,0,1,0,1.7,1.7,1,2.7,19,16,48,0,0,0,0,0,0.24,0.14,0.38,0.24,0.38
122155,2024,7,1,24/25,Real Betis,Spartak Moscow,2000000,5000000,Willian José,,br BRA,FW,Betis,es La Liga,31,1991,33,25,1971,21.9,10,5,15,10,0,0,0,1,5.7,5.7,2.5,8.2,8,32,90,0.46,0.23,0.68,0.46,0.68,0.26,0.12,0.37,0.26,0.37
406806,2024,7,1,24/25,Salernitana,Genoa,2000000,1800000,Emil Bohinen,,no NOR,MF,Genoa,it Serie A,24,1999,5,0,56,0.6,0,0,0,0,0,0,0,0,0,0,0.1,0.1,1,3,1,0,0,0,0,0,0,0.17,0.17,0,0.17
507345,2024,7,1,24/25,FC St. Gallen,VfB Stuttgart,2000000,5000000,Leonidas Stergiou,,ch SUI,DF,Stuttgart,de Bundesliga,21,2002,15,6,594,6.6,1,0,1,1,0,0,0,0,0.4,0.4,0.4,0.8,6,17,22,0.15,0,0.15,0.15,0.15,0.05,0.06,0.11,0.05,0.11
148252,2024,7,1,24/25,Nottm Forest,Bologna,1900000,6500000,Remo Freuler,,ch SUI,MF,Bologna,it Serie A,31,1992,32,30,2624,29.2,1,1,2,1,0,0,9,0,1.2,1.2,1.1,2.3,37,165,48,0.03,0.03,0.07,0.03,0.07,0.04,0.04,0.08,0.04,0.08
210178,2025,1,28,24/25,Monza,Fiorentina,1800000,3500000,Pablo Marí,,es ESP,DF,Monza,it Serie A,29,1993,34,30,2615,29.1,0,0,0,0,0,0,7,0,0.4,0.4,0.3,0.7,2,62,1,0,0,0,0,0,0.01,0.01,0.02,0.01,0.02
585068,2025,1,7,24/25,Slavia Prague,R Charleroi SC,1800000,2200000,Aiham Ousou,,sy SYR,DF,Cádiz,es La Liga,23,2000,6,5,430,4.8,0,0,0,0,0,0,0,0,0.2,0.2,0,0.2,2,7,0,0,0,0,0,0,0.04,0,0.04,0.04,0.04
386552,2024,8,14,24/25,Salernitana,Lecce,1800000,3500000,Lassana Coulibaly,,ml MLI,MF,Salernitana,it Serie A,27,1996,28,25,2082,23.1,0,1,1,0,0,0,5,0,0.6,0.6,0.8,1.4,29,88,38,0,0.04,0.04,0,0.04,0.03,0.04,0.06,0.03,0.06
929494,2024,7,24,24/25,Salernitana,OH Leuven,1800000,1800000,Chukwubuikem Ikwuemesi,,ng NGA,FW,Salernitana,it Serie A,21,2001,25,11,1061,11.8,1,1,2,1,0,0,2,0,2.4,2.4,0.7,3.1,11,10,70,0.08,0.08,0.17,0.08,0.17,0.21,0.06,0.26,0.21,0.26
275590,2024,7,15,24/25,Bournemouth,Sheff Utd,1790000,2000000,Kieffer Moore,,wls WAL,"FW,MF",Bournemouth,eng Premier League,30,1992,8,0,108,1.2,1,0,1,1,0,0,0,0,1.5,1.5,0.2,1.7,2,4,15,0.83,0,0.83,0.83,0.83,1.23,0.2,1.44,1.23,1.44
293281,2025,1,8,24/25,TSG Hoffenheim,VfB Stuttgart,1700000,6000000,Jacob Bruun Larsen,,dk DEN,"MF,FW",Burnley,eng Premier League,24,1998,32,16,1249,13.9,6,0,6,5,1,1,1,0,5,4.2,1.5,5.7,61,38,146,0.43,0,0.43,0.36,0.36,0.36,0.1,0.46,0.3,0.41
794349,2024,7,1,24/25,Lens,Stade Brestois,1700000,1500000,Julien Le Cardinal,,fr FRA,DF,Brest,fr Ligue 1,25,1997,12,5,473,5.3,0,0,0,0,0,0,3,0,0.3,0.3,0.1,0.4,3,24,4,0,0,0,0,0,0.05,0.02,0.08,0.05,0.08
405690,2024,7,2,24/25,Bor. Dortmund,Rio Ave,1600000,1500000,Ole Pohlmann,,de GER,MF,Dortmund,de Bundesliga,22,2001,2,0,54,0.6,0,0,0,0,0,0,0,0,0.1,0.1,0.1,0.1,0,0,4,0,0,0,0,0,0.09,0.1,0.19,0.09,0.19
384461,2025,1,20,24/25,Brighton,Feyenoord,1500000,10000000,Jakub Moder,,pl POL,"MF,DF",Brighton,eng Premier League,24,1999,17,6,618,6.9,0,0,0,0,0,0,2,0,0.6,0.6,0.8,1.3,10,23,26,0,0,0,0,0,0.08,0.11,0.2,0.08,0.2
236041,2024,7,25,24/25,Lecce,Palermo,1500000,3000000,Alexis Blin,,fr FRA,MF,Lecce,it Serie A,26,1996,31,16,1642,18.2,0,2,2,0,0,0,4,0,1.1,1.1,0.7,1.8,7,60,11,0,0.11,0.11,0,0.11,0.06,0.04,0.1,0.06,0.1
262939,2024,7,23,24/25,Villarreal,RCD Mallorca,1500000,2200000,Johan Mojica,,co COL,DF,Osasuna,es La Liga,30,1992,30,22,2041,22.7,0,3,3,0,0,0,1,0,1,1,2.6,3.6,57,82,117,0,0.13,0.13,0,0.13,0.04,0.11,0.16,0.04,0.16
249513,2024,7,16,24/25,Real Sociedad,Getafe,1500000,1500000,Diego Rico,,es ESP,DF,Getafe,es La Liga,30,1993,32,28,2535,28.2,0,7,7,0,0,0,10,0,0.3,0.3,3.8,4.1,28,119,79,0,0.25,0.25,0,0.25,0.01,0.14,0.15,0.01,0.15
81999,2024,7,1,24/25,Espanyol,Real Madrid,1500000,5000000,Joselu,,es ESP,FW,Real Madrid,es La Liga,33,1990,34,15,1687,18.7,10,2,12,10,0,2,1,0,11.6,10,1.7,11.7,15,20,98,0.53,0.11,0.64,0.53,0.64,0.62,0.09,0.71,0.53,0.62
542697,2024,7,1,24/25,KRC Genk,1.FC Köln,1500000,2000000,Rasmus Carstensen,,dk DEN,"DF,FW",Köln,de Bundesliga,22,2000,23,18,1659,18.4,0,0,0,0,0,0,2,1,0.9,0.9,2.6,3.5,32,52,89,0,0,0,0,0,0.05,0.14,0.19,0.05,0.19
545332,2024,7,1,24/25,Union Berlin,Heidenheim,1250000,2700000,Mikkel Kaufmann,,dk DEN,FW,Union Berlin,de Bundesliga,22,2001,18,4,486,5.4,1,0,1,1,0,0,0,0,1.3,1.3,1,2.3,6,11,34,0.19,0,0.19,0.19,0.19,0.24,0.18,0.42,0.24,0.42
278837,2024,8,22,24/25,Alavés,Valencia,1200000,4000000,Luis Rioja,,es ESP,"FW,MF",Alavés,es La Liga,29,1993,37,31,2498,27.8,5,4,9,2,3,4,4,0,6.1,3,3.9,6.9,70,77,173,0.18,0.14,0.32,0.07,0.22,0.22,0.14,0.36,0.11,0.25
416386,2024,7,9,24/25,Frosinone,Hellas Verona,1200000,2700000,Abdou Harroui,,nl NED,"MF,FW",Frosinone,it Serie A,25,1998,18,13,1019,11.3,3,3,6,2,1,1,2,0,3.1,2.3,1.2,3.5,43,38,56,0.26,0.26,0.53,0.18,0.44,0.27,0.1,0.38,0.21,0.31
631472,2024,7,1,24/25,Chaves,UD Almería,1200000,1500000,Bruno Langa,,mz MOZ,DF,Almería,es La Liga,25,1997,11,9,820,9.1,1,0,1,1,0,0,1,1,0.2,0.2,0.4,0.5,14,25,30,0.11,0,0.11,0.11,0.11,0.02,0.04,0.06,0.02,0.06
527698,2025,1,29,24/25,Real Valladolid,Venezia,1000000,2800000,Kike Pérez,,es ESP,"MF,FW",Rayo Vallecano,es La Liga,26,1997,24,9,835,9.3,1,0,1,1,0,0,7,0,1.9,1.9,0.6,2.4,17,47,42,0.11,0,0.11,0.11,0.11,0.2,0.06,0.26,0.2,0.26
324811,2025,1,28,24/25,Montpellier,1.FSV Mainz 05,1000000,8000000,Arnaud Nordin,,fr FRA,"FW,MF",Montpellier,fr Ligue 1,25,1998,20,15,1246,13.8,5,3,8,5,0,0,1,1,3.6,3.6,3,6.5,56,52,125,0.36,0.22,0.58,0.36,0.58,0.26,0.21,0.47,0.26,0.47
111275,2024,8,5,24/25,E. Frankfurt,Panathinaikos,1000000,2000000,Philipp Max,,de GER,DF,Eint Frankfurt,de Bundesliga,29,1993,23,17,1350,15,1,2,3,1,0,0,2,0,0.2,0.2,2.8,3,25,63,56,0.07,0.13,0.2,0.07,0.2,0.02,0.18,0.2,0.02,0.2
534084,2024,7,25,24/25,Fiorentina,Palermo,1000000,1800000,Niccolò Pierozzi,,it ITA,DF,Salernitana,it Serie A,21,2001,12,11,871,9.7,1,0,1,1,0,0,6,0,0.2,0.2,0,0.3,3,16,20,0.1,0,0.1,0.1,0.1,0.03,0.01,0.03,0.03,0.03
251897,2024,7,15,24/25,Athletic,Alavés,1000000,2500000,Asier Villalibre,,es ESP,FW,Athletic Club,es La Liga,25,1997,18,4,513,5.7,2,1,3,2,0,0,0,0,1.7,1.7,1,2.7,6,10,29,0.35,0.18,0.53,0.35,0.53,0.3,0.17,0.47,0.3,0.47
434990,2024,7,15,24/25,Real Sociedad,Getafe,1000000,4000000,Alex Sola,,es ESP,"FW,MF",Alavés,es La Liga,24,1999,29,14,1262,14,0,3,3,0,0,0,2,0,1.6,1.6,2.3,3.9,40,42,103,0,0.21,0.21,0,0.21,0.12,0.16,0.28,0.12,0.28
143891,2024,7,1,24/25,VfL Wolfsburg,SC Freiburg,1000000,2000000,Maximilian Philipp,,de GER,"FW,MF",Freiburg,de Bundesliga,29,1994,17,1,323,3.6,1,0,1,1,0,0,2,0,0.5,0.5,0.4,0.9,3,6,28,0.28,0,0.28,0.28,0.28,0.14,0.11,0.25,0.14,0.25
286949,2024,7,1,24/25,Udinese,Torino,1000000,1500000,Adam Masina,,ma MAR,DF,Udinese,it Serie A,29,1994,4,1,64,0.7,0,0,0,0,0,0,2,0,0.1,0.1,0,0.1,0,1,3,0,0,0,0,0,0.08,0,0.08,0.08,0.08
290346,2024,7,1,24/25,Granada CF,Real Valladolid,1000000,800000,André Ferreira,,pt POR,GK,Granada,es La Liga,27,1996,15,14,1340,14.9,0,0,0,0,0,0,1,0,0,0,0,0,0,0,0,0,0,0,0,0,0,0,0,0,0
585700,2024,7,1,24/25,Real Betis,CD Leganés,1000000,1500000,Juan Cruz,,ar ARG,"FW,MF",Hellas Verona,it Serie A,24,1999,4,1,109,1.2,0,0,0,0,0,0,0,0,0,0,0.1,0.1,3,4,4,0,0,0,0,0,0.03,0.09,0.12,0.03,0.12
804661,2025,1,22,24/25,FC Metz,Famalicão,900000,800000,Simon Elisor,,fr FRA,FW,Metz,fr Ligue 1,24,1999,14,9,767,8.5,1,0,1,1,0,1,1,0,2.3,1.5,0.9,2.4,9,14,43,0.12,0,0.12,0.12,0.12,0.27,0.11,0.38,0.18,0.29
412758,2024,7,1,24/25,Kolkheti Poti,Frosinone,900000,800000,Giorgi Kvernadze,,ge GEO,"FW,DF",Frosinone,it Serie A,20,2003,5,0,63,0.7,0,0,0,0,0,0,0,0,0,0,0,0,0,1,6,0,0,0,0,0,0,0,0,0,0
244192,2025,1,24,24/25,Atalanta BC,AS Roma,800000,2500000,Pierluigi Gollini,,it ITA,GK,Napoli,it Serie A,28,1995,7,7,630,7,0,0,0,0,0,0,0,0,0,0,0,0,0,0,0,0,0,0,0,0,0,0,0,0,0
448466,2024,9,2,24/25,Sporting CP,Estrela Amadora,800000,2500000,Jovane Cabral,,cv CPV,"MF,FW",Salernitana,it Serie A,25,1998,12,8,678,7.5,1,0,1,1,0,0,1,0,1.2,1.2,0.4,1.6,22,40,39,0.13,0,0.13,0.13,0.13,0.15,0.06,0.21,0.15,0.21
919173,2024,7,3,24/25,Stade Reims,Cercle Brugge,700000,800000,Ibrahim Diakité,,gn GUI,DF,Reims,fr Ligue 1,19,2003,5,1,109,1.2,0,0,0,0,0,0,0,0,0,0,0.2,0.2,7,7,9,0,0,0,0,0,0,0.16,0.16,0,0.16
977877,2025,2,3,24/25,Hellas Verona,Stade Rennais,500000,2000000,Ayanda Sishuba,,be BEL,"MF,FW",Lens,fr Ligue 1,18,2005,7,0,62,0.7,0,0,0,0,0,0,0,0,0.9,0.9,0,0.9,7,1,10,0,0,0,0,0,1.27,0.04,1.31,1.27,1.31
392710,2025,1,21,24/25,Heidenheim,1.FSV Mainz 05,500000,5000000,Lennard Maloney,,us USA,MF,Heidenheim,de Bundesliga,23,1999,29,27,2284,25.4,1,1,2,1,0,0,1,0,0.8,0.8,1.1,1.8,3,62,17,0.04,0.04,0.08,0.04,0.08,0.03,0.04,0.07,0.03,0.07
300532,2024,8,13,24/25,Rostov,Parma,500000,3000000,Pontus Almqvist,,se SWE,"FW,MF",Lecce,it Serie A,24,1999,30,25,2107,23.4,2,1,3,2,0,0,5,0,2.3,2.3,2.7,5,72,32,137,0.09,0.04,0.13,0.09,0.13,0.1,0.12,0.22,0.1,0.22
288255,2024,7,11,24/25,Man Utd,Girona,500000,5000000,Donny van de Beek,,nl NED,DF,Manchester Utd,eng Premier League,26,1997,1,0,3,0,0,0,0,0,0,0,0,0,0,0,0.1,0.2,0,0,1,0,0,0,0,0,1.09,4.44,5.54,1.09,5.54
650350,2024,7,1,24/25,Montpellier,FC Basel,500000,1000000,Léo Leroy,,fr FRA,MF,Montpellier,fr Ligue 1,23,2000,21,3,499,5.5,0,1,1,0,0,0,4,0,0.8,0.8,0.7,1.5,8,21,9,0,0.18,0.18,0,0.18,0.15,0.13,0.28,0.15,0.28
667965,2025,2,4,24/25,Le Havre AC,Feyenoord,450000,3000000,Oussama Targhalline,,ma MAR,MF,Le Havre,fr Ligue 1,21,2002,14,12,1025,11.4,0,0,0,0,0,0,4,1,0.2,0.2,0.4,0.6,27,70,15,0,0,0,0,0,0.02,0.03,0.05,0.02,0.05
198638,2025,1,23,24/25,Feirense,Estrela Amadora,300000,450000,João Costa,,br BRA,"MF,FW",Roma,it Serie A,18,2005,3,0,14,0.2,0,0,0,0,0,0,1,0,0,0,0,0,0,1,1,0,0,0,0,0,0,0.2,0.2,0,0.2
186988,2024,7,5,24/25,FC Augsburg,SC Paderborn,300000,700000,Sven Michel,,de GER,"FW,MF",Augsburg,de Bundesliga,33,1990,22,5,583,6.5,2,1,3,1,1,2,2,0,2.4,0.8,0.8,1.7,6,14,44,0.31,0.15,0.46,0.15,0.31,0.37,0.13,0.5,0.13,0.26
1082519,2024,7,18,24/25,Vitória U20,Hellas Verona,100000,100000,Charlys,,br BRA,MF,Hellas Verona,it Serie A,19,2004,2,0,25,0.3,0,0,0,0,0,0,0,0,0,0,0,0,0,1,0,0,0,0,0,0,0,0.15,0.15,0,0.15